2025-12-16 00:00:22 [INFO] undefined
2025-12-16 00:00:22 [INFO] undefined
2025-12-16 00:01:44 [INFO] Server running in development mode at http://localhost:8000
2025-12-16 00:01:55 [INFO] Server running in development mode at http://localhost:8000
2025-12-16 00:02:11 [INFO] Server running in development mode at http://localhost:8000
2025-12-16 00:02:23 [INFO] Server running in development mode at http://localhost:8000
2025-12-16 00:02:26 [INFO] undefined
2025-12-16 00:02:26 [INFO] undefined
2025-12-16 00:02:41 [INFO] Server running in development mode at http://localhost:8000
2025-12-16 00:02:41 [INFO] undefined
2025-12-16 00:02:41 [INFO] undefined
2025-12-16 00:02:45 [INFO] undefined
2025-12-16 00:02:45 [INFO] undefined
2025-12-16 00:03:07 [INFO] undefined
2025-12-16 00:03:07 [INFO] undefined
2025-12-16 00:03:40 [INFO] undefined
2025-12-16 00:05:12 [INFO] undefined
2025-12-16 00:05:17 [INFO] undefined
2025-12-16 00:05:17 [INFO] undefined
2025-12-16 00:05:48 [INFO] undefined
2025-12-16 00:09:17 [INFO] undefined
2025-12-16 00:10:38 [INFO] undefined
2025-12-16 00:14:08 [INFO] undefined
2025-12-16 00:14:09 [INFO] undefined
2025-12-16 00:24:10 [INFO] undefined
2025-12-16 00:26:09 [INFO] undefined
2025-12-16 00:33:24 [INFO] undefined
2025-12-16 00:33:27 [INFO] undefined
2025-12-16 00:34:08 [INFO] undefined
2025-12-16 00:34:08 [INFO] undefined
2025-12-16 00:34:47 [INFO] undefined
2025-12-16 00:35:30 [INFO] undefined
2025-12-16 00:36:40 [INFO] undefined
2025-12-16 00:38:04 [INFO] undefined
2025-12-16 00:48:36 [INFO] undefined
2025-12-16 00:49:34 [INFO] undefined
2025-12-16 00:50:06 [INFO] undefined
2025-12-16 00:52:09 [INFO] undefined
2025-12-16 00:54:18 [INFO] undefined
2025-12-16 00:54:54 [INFO] undefined
2025-12-16 00:55:23 [INFO] undefined
2025-12-16 00:58:23 [INFO] undefined
2025-12-16 00:58:34 [INFO] undefined
2025-12-16 01:01:29 [INFO] undefined
2025-12-16 01:03:32 [INFO] undefined
2025-12-16 01:05:54 [INFO] undefined
2025-12-16 01:10:18 [INFO] undefined
2025-12-16 01:10:43 [INFO] undefined
2025-12-16 01:11:18 [INFO] undefined
2025-12-16 01:11:34 [INFO] undefined
2025-12-16 01:12:10 [INFO] undefined
2025-12-16 01:14:09 [INFO] undefined
2025-12-16 01:14:51 [INFO] undefined
2025-12-16 01:14:51 [INFO] undefined
2025-12-16 01:16:39 [INFO] undefined
2025-12-16 01:16:39 [INFO] undefined
2025-12-16 01:17:22 [INFO] undefined
2025-12-16 01:17:31 [INFO] undefined
2025-12-16 01:17:31 [INFO] undefined
2025-12-16 01:18:46 [INFO] undefined
2025-12-16 01:18:46 [INFO] undefined
2025-12-16 01:21:27 [INFO] undefined
2025-12-16 01:21:27 [INFO] undefined
2025-12-16 01:22:09 [INFO] undefined
2025-12-16 01:24:39 [INFO] undefined
2025-12-16 01:32:25 [INFO] undefined
2025-12-16 01:32:38 [INFO] undefined
2025-12-16 01:32:38 [INFO] undefined
2025-12-16 01:32:43 [INFO] undefined
2025-12-16 01:32:54 [INFO] undefined
2025-12-16 01:35:23 [INFO] undefined
2025-12-16 01:35:31 [INFO] undefined
2025-12-16 01:35:31 [INFO] undefined
2025-12-16 01:35:37 [INFO] undefined
2025-12-16 01:36:14 [INFO] undefined
2025-12-16 01:36:17 [INFO] undefined
2025-12-16 01:38:46 [INFO] Server running in development mode at http://localhost:8000
2025-12-16 01:39:27 [INFO] undefined
2025-12-16 01:39:30 [INFO] undefined
2025-12-16 01:39:30 [INFO] undefined
2025-12-16 01:39:48 [INFO] undefined
2025-12-16 01:39:48 [INFO] undefined
2025-12-16 01:39:53 [INFO] undefined
2025-12-16 01:43:55 [INFO] undefined
2025-12-16 01:43:55 [INFO] undefined
2025-12-16 01:44:00 [INFO] undefined
2025-12-16 01:44:01 [INFO] undefined
2025-12-16 01:45:36 [INFO] undefined
2025-12-16 01:46:03 [INFO] undefined
2025-12-16 01:47:39 [INFO] undefined
2025-12-16 01:49:18 [INFO] undefined
2025-12-16 01:49:49 [INFO] undefined
2025-12-16 01:51:50 [INFO] undefined
2025-12-16 01:52:25 [INFO] undefined
2025-12-16 01:52:25 [INFO] undefined
2025-12-16 01:52:33 [INFO] undefined
2025-12-16 01:53:45 [INFO] undefined
2025-12-16 01:53:58 [INFO] undefined
2025-12-16 01:54:56 [INFO] undefined
2025-12-16 01:54:56 [INFO] undefined
2025-12-16 01:54:59 [INFO] undefined
2025-12-16 01:55:00 [INFO] undefined
2025-12-16 01:55:08 [INFO] undefined
2025-12-16 01:55:16 [INFO] undefined
2025-12-16 01:55:16 [INFO] undefined
2025-12-16 01:55:36 [INFO] undefined
2025-12-16 01:55:36 [INFO] undefined
2025-12-16 01:56:24 [INFO] undefined
2025-12-16 01:56:24 [INFO] undefined
2025-12-16 01:56:39 [INFO] undefined
2025-12-16 01:56:39 [INFO] undefined
2025-12-16 01:57:11 [INFO] undefined
2025-12-16 01:57:19 [INFO] undefined
2025-12-16 01:57:20 [INFO] undefined
2025-12-16 01:57:20 [INFO] undefined
2025-12-16 01:57:22 [INFO] undefined
2025-12-16 01:57:23 [INFO] undefined
2025-12-16 01:57:24 [INFO] undefined
2025-12-16 01:59:24 [INFO] undefined
2025-12-16 01:59:26 [INFO] undefined
2025-12-16 01:59:45 [INFO] undefined
2025-12-16 01:59:47 [INFO] undefined
2025-12-16 02:02:00 [INFO] undefined
2025-12-16 02:02:25 [INFO] undefined
2025-12-16 02:02:33 [INFO] undefined
2025-12-16 02:02:33 [INFO] undefined
2025-12-16 02:02:44 [INFO] undefined
2025-12-16 02:02:50 [INFO] undefined
2025-12-16 02:02:57 [INFO] undefined
2025-12-16 02:02:57 [INFO] undefined
2025-12-16 02:03:06 [INFO] undefined
2025-12-16 02:03:27 [INFO] Server running in development mode at http://localhost:8000
2025-12-16 02:04:02 [INFO] undefined
2025-12-16 02:04:16 [INFO] undefined
2025-12-16 02:04:16 [INFO] undefined
2025-12-16 02:15:20 [INFO] undefined
2025-12-16 02:18:50 [INFO] undefined
2025-12-16 02:19:08 [INFO] undefined
2025-12-16 02:19:12 [INFO] undefined
2025-12-16 02:19:51 [INFO] undefined
2025-12-16 02:19:53 [INFO] undefined
2025-12-16 02:19:56 [INFO] undefined
2025-12-16 02:20:03 [INFO] undefined
2025-12-16 02:20:30 [INFO] undefined
2025-12-16 02:20:33 [INFO] undefined
2025-12-16 02:21:11 [INFO] undefined
2025-12-16 02:21:11 [INFO] undefined
2025-12-16 02:21:17 [INFO] undefined
2025-12-16 02:25:20 [INFO] undefined
2025-12-16 02:25:22 [INFO] undefined
2025-12-16 02:25:35 [INFO] undefined
2025-12-16 02:25:35 [INFO] undefined
2025-12-16 02:25:41 [INFO] undefined
2025-12-16 02:25:57 [INFO] undefined
2025-12-16 02:25:57 [INFO] undefined
2025-12-16 02:26:01 [INFO] undefined
2025-12-16 02:37:34 [INFO] undefined
2025-12-16 02:54:48 [INFO] undefined
2025-12-16 02:57:17 [INFO] undefined
2025-12-16 03:09:07 [INFO] undefined
2025-12-16 03:20:07 [INFO] undefined
2025-12-16 03:22:01 [INFO] undefined
2025-12-16 03:22:36 [INFO] undefined
2025-12-16 03:22:36 [INFO] undefined
2025-12-16 03:22:40 [INFO] undefined
2025-12-16 03:27:20 [INFO] undefined
2025-12-16 03:35:53 [INFO] undefined
2025-12-16 03:41:31 [INFO] undefined
2025-12-16 03:43:00 [INFO] Server running in development mode at http://localhost:8000
2025-12-16 03:43:10 [INFO] Server running in development mode at http://localhost:8000
2025-12-16 03:43:20 [INFO] Server running in development mode at http://localhost:8000
2025-12-16 03:50:33 [INFO] undefined
2025-12-16 03:54:04 [INFO] undefined
2025-12-16 03:54:04 [INFO] undefined
2025-12-16 03:54:08 [INFO] undefined
2025-12-16 03:54:08 [INFO] undefined
2025-12-16 03:55:44 [INFO] undefined
2025-12-16 03:56:24 [INFO] undefined
2025-12-16 03:59:01 [INFO] undefined
2025-12-16 03:59:01 [INFO] undefined
2025-12-16 03:59:06 [INFO] undefined
2025-12-16 04:04:58 [INFO] Server running in development mode at http://localhost:8000
2025-12-16 04:05:06 [INFO] Server running in development mode at http://localhost:8000
2025-12-16 04:06:00 [INFO] undefined
2025-12-16 04:07:32 [INFO] Server running in development mode at http://localhost:8000
2025-12-16 04:07:37 [INFO] Server running in development mode at http://localhost:8000
2025-12-16 04:07:42 [INFO] Server running in development mode at http://localhost:8000
2025-12-16 04:07:48 [INFO] Server running in development mode at http://localhost:8000
2025-12-16 04:09:06 [INFO] Server running in development mode at http://localhost:8000
2025-12-16 04:11:19 [INFO] undefined
2025-12-16 07:21:53 [INFO] undefined
2025-12-16 07:21:53 [INFO] undefined
2025-12-16 07:21:58 [INFO] undefined
2025-12-16 07:23:15 [INFO] undefined
2025-12-16 07:25:31 [INFO] Server running in development mode at http://localhost:8000
2025-12-16 07:27:13 [INFO] Server running in development mode at http://localhost:8000
2025-12-16 07:27:44 [INFO] Server running in development mode at http://localhost:8000
2025-12-16 07:28:30 [INFO] undefined
2025-12-16 07:28:36 [INFO] undefined
2025-12-16 07:28:36 [INFO] undefined
2025-12-16 07:33:44 [INFO] undefined
2025-12-16 07:37:10 [INFO] Server running in development mode at http://localhost:8000
2025-12-16 07:38:25 [INFO] Server running in development mode at http://localhost:8000
2025-12-16 07:38:57 [INFO] Server running in development mode at http://localhost:8000
2025-12-16 07:39:02 [INFO] Server running in development mode at http://localhost:8000
2025-12-16 07:41:01 [INFO] Server running in development mode at http://localhost:8000
2025-12-16 07:41:09 [INFO] Server running in development mode at http://localhost:8000
2025-12-16 07:41:14 [INFO] Server running in development mode at http://localhost:8000
2025-12-16 07:41:46 [INFO] Server running in development mode at http://localhost:8000
2025-12-16 07:41:49 [INFO] undefined
2025-12-16 07:42:27 [INFO] undefined
2025-12-16 07:42:36 [INFO] undefined
2025-12-16 07:42:38 [INFO] undefined
2025-12-16 07:42:45 [INFO] undefined
2025-12-16 07:42:47 [INFO] undefined
2025-12-16 07:43:08 [INFO] undefined
2025-12-16 07:46:15 [INFO] undefined
2025-12-16 07:46:21 [INFO] undefined
2025-12-16 07:47:43 [INFO] undefined
2025-12-16 07:47:50 [INFO] undefined
2025-12-16 07:49:19 [INFO] undefined
2025-12-16 07:49:26 [INFO] undefined
2025-12-16 07:49:27 [INFO] undefined
2025-12-16 07:49:32 [INFO] undefined
2025-12-16 07:49:35 [INFO] undefined
2025-12-16 07:50:27 [INFO] undefined
2025-12-16 07:50:30 [INFO] undefined
2025-12-16 07:51:39 [INFO] undefined
2025-12-16 07:53:00 [INFO] undefined
2025-12-16 07:53:02 [INFO] undefined
2025-12-16 07:53:11 [INFO] undefined
2025-12-16 07:53:15 [INFO] undefined
2025-12-16 07:53:17 [INFO] undefined
2025-12-16 07:53:19 [INFO] undefined
2025-12-16 07:53:19 [INFO] undefined
2025-12-16 07:53:20 [INFO] undefined
2025-12-16 07:53:20 [INFO] undefined
2025-12-16 07:53:21 [INFO] undefined
2025-12-16 07:53:22 [INFO] undefined
2025-12-16 07:53:22 [INFO] undefined
2025-12-16 07:53:22 [INFO] undefined
2025-12-16 07:53:23 [INFO] undefined
2025-12-16 07:53:23 [INFO] undefined
2025-12-16 07:53:23 [INFO] undefined
2025-12-16 07:53:24 [INFO] undefined
2025-12-16 07:53:24 [INFO] undefined
2025-12-16 07:53:24 [INFO] undefined
2025-12-16 07:53:25 [INFO] undefined
2025-12-16 07:53:25 [INFO] undefined
2025-12-16 07:53:26 [INFO] undefined
2025-12-16 07:53:26 [INFO] undefined
2025-12-16 07:53:27 [INFO] undefined
2025-12-16 07:53:27 [INFO] undefined
2025-12-16 07:54:23 [INFO] undefined
2025-12-16 07:54:27 [INFO] undefined
2025-12-16 07:54:34 [INFO] undefined
2025-12-16 07:54:50 [INFO] undefined
2025-12-16 07:54:54 [INFO] undefined
2025-12-16 07:54:57 [INFO] undefined
2025-12-16 07:54:59 [INFO] undefined
2025-12-16 07:55:02 [INFO] undefined
2025-12-16 07:55:08 [INFO] undefined
2025-12-16 07:55:08 [ERROR] [
  {
    "origin": "number",
    "code": "too_small",
    "minimum": 10,
    "inclusive": true,
    "path": [
      "limit"
    ],
    "message": "Too small: expected number to be >=10"
  }
]
ZodError: [
  {
    "origin": "number",
    "code": "too_small",
    "minimum": 10,
    "inclusive": true,
    "path": [
      "limit"
    ],
    "message": "Too small: expected number to be >=10"
  }
]
    at new ZodError (file:///home/luong/Downloads/WebsiteLookBookBanQuanAoExpressjsNextjs/backend/node_modules/zod/v4/core/core.js:30:39)
    at Module.<anonymous> (file:///home/luong/Downloads/WebsiteLookBookBanQuanAoExpressjsNextjs/backend/node_modules/zod/v4/core/parse.js:53:20)
    at inst.safeParseAsync (file:///home/luong/Downloads/WebsiteLookBookBanQuanAoExpressjsNextjs/backend/node_modules/zod/v4/classic/schemas.js:30:57)
    at <anonymous> (/home/luong/Downloads/WebsiteLookBookBanQuanAoExpressjsNextjs/backend/src/middlewares/validate-request.middleware.ts:11:33)
    at Layer.handleRequest (/home/luong/Downloads/WebsiteLookBookBanQuanAoExpressjsNextjs/backend/node_modules/router/lib/layer.js:152:17)
    at next (/home/luong/Downloads/WebsiteLookBookBanQuanAoExpressjsNextjs/backend/node_modules/router/lib/route.js:157:13)
    at Route.dispatch (/home/luong/Downloads/WebsiteLookBookBanQuanAoExpressjsNextjs/backend/node_modules/router/lib/route.js:117:3)
    at handle (/home/luong/Downloads/WebsiteLookBookBanQuanAoExpressjsNextjs/backend/node_modules/router/index.js:435:11)
    at Layer.handleRequest (/home/luong/Downloads/WebsiteLookBookBanQuanAoExpressjsNextjs/backend/node_modules/router/lib/layer.js:152:17)
    at /home/luong/Downloads/WebsiteLookBookBanQuanAoExpressjsNextjs/backend/node_modules/router/index.js:295:15
2025-12-16 07:55:09 [INFO] undefined
2025-12-16 07:55:09 [ERROR] [
  {
    "origin": "number",
    "code": "too_small",
    "minimum": 10,
    "inclusive": true,
    "path": [
      "limit"
    ],
    "message": "Too small: expected number to be >=10"
  }
]
ZodError: [
  {
    "origin": "number",
    "code": "too_small",
    "minimum": 10,
    "inclusive": true,
    "path": [
      "limit"
    ],
    "message": "Too small: expected number to be >=10"
  }
]
    at new ZodError (file:///home/luong/Downloads/WebsiteLookBookBanQuanAoExpressjsNextjs/backend/node_modules/zod/v4/core/core.js:30:39)
    at Module.<anonymous> (file:///home/luong/Downloads/WebsiteLookBookBanQuanAoExpressjsNextjs/backend/node_modules/zod/v4/core/parse.js:53:20)
    at inst.safeParseAsync (file:///home/luong/Downloads/WebsiteLookBookBanQuanAoExpressjsNextjs/backend/node_modules/zod/v4/classic/schemas.js:30:57)
    at <anonymous> (/home/luong/Downloads/WebsiteLookBookBanQuanAoExpressjsNextjs/backend/src/middlewares/validate-request.middleware.ts:11:33)
    at Layer.handleRequest (/home/luong/Downloads/WebsiteLookBookBanQuanAoExpressjsNextjs/backend/node_modules/router/lib/layer.js:152:17)
    at next (/home/luong/Downloads/WebsiteLookBookBanQuanAoExpressjsNextjs/backend/node_modules/router/lib/route.js:157:13)
    at Route.dispatch (/home/luong/Downloads/WebsiteLookBookBanQuanAoExpressjsNextjs/backend/node_modules/router/lib/route.js:117:3)
    at handle (/home/luong/Downloads/WebsiteLookBookBanQuanAoExpressjsNextjs/backend/node_modules/router/index.js:435:11)
    at Layer.handleRequest (/home/luong/Downloads/WebsiteLookBookBanQuanAoExpressjsNextjs/backend/node_modules/router/lib/layer.js:152:17)
    at /home/luong/Downloads/WebsiteLookBookBanQuanAoExpressjsNextjs/backend/node_modules/router/index.js:295:15
2025-12-16 07:55:11 [INFO] undefined
2025-12-16 07:55:11 [ERROR] [
  {
    "origin": "number",
    "code": "too_small",
    "minimum": 10,
    "inclusive": true,
    "path": [
      "limit"
    ],
    "message": "Too small: expected number to be >=10"
  }
]
ZodError: [
  {
    "origin": "number",
    "code": "too_small",
    "minimum": 10,
    "inclusive": true,
    "path": [
      "limit"
    ],
    "message": "Too small: expected number to be >=10"
  }
]
    at new ZodError (file:///home/luong/Downloads/WebsiteLookBookBanQuanAoExpressjsNextjs/backend/node_modules/zod/v4/core/core.js:30:39)
    at Module.<anonymous> (file:///home/luong/Downloads/WebsiteLookBookBanQuanAoExpressjsNextjs/backend/node_modules/zod/v4/core/parse.js:53:20)
    at inst.safeParseAsync (file:///home/luong/Downloads/WebsiteLookBookBanQuanAoExpressjsNextjs/backend/node_modules/zod/v4/classic/schemas.js:30:57)
    at <anonymous> (/home/luong/Downloads/WebsiteLookBookBanQuanAoExpressjsNextjs/backend/src/middlewares/validate-request.middleware.ts:11:33)
    at Layer.handleRequest (/home/luong/Downloads/WebsiteLookBookBanQuanAoExpressjsNextjs/backend/node_modules/router/lib/layer.js:152:17)
    at next (/home/luong/Downloads/WebsiteLookBookBanQuanAoExpressjsNextjs/backend/node_modules/router/lib/route.js:157:13)
    at Route.dispatch (/home/luong/Downloads/WebsiteLookBookBanQuanAoExpressjsNextjs/backend/node_modules/router/lib/route.js:117:3)
    at handle (/home/luong/Downloads/WebsiteLookBookBanQuanAoExpressjsNextjs/backend/node_modules/router/index.js:435:11)
    at Layer.handleRequest (/home/luong/Downloads/WebsiteLookBookBanQuanAoExpressjsNextjs/backend/node_modules/router/lib/layer.js:152:17)
    at /home/luong/Downloads/WebsiteLookBookBanQuanAoExpressjsNextjs/backend/node_modules/router/index.js:295:15
2025-12-16 07:55:15 [INFO] undefined
2025-12-16 07:55:15 [ERROR] [
  {
    "origin": "number",
    "code": "too_small",
    "minimum": 10,
    "inclusive": true,
    "path": [
      "limit"
    ],
    "message": "Too small: expected number to be >=10"
  }
]
ZodError: [
  {
    "origin": "number",
    "code": "too_small",
    "minimum": 10,
    "inclusive": true,
    "path": [
      "limit"
    ],
    "message": "Too small: expected number to be >=10"
  }
]
    at new ZodError (file:///home/luong/Downloads/WebsiteLookBookBanQuanAoExpressjsNextjs/backend/node_modules/zod/v4/core/core.js:30:39)
    at Module.<anonymous> (file:///home/luong/Downloads/WebsiteLookBookBanQuanAoExpressjsNextjs/backend/node_modules/zod/v4/core/parse.js:53:20)
    at inst.safeParseAsync (file:///home/luong/Downloads/WebsiteLookBookBanQuanAoExpressjsNextjs/backend/node_modules/zod/v4/classic/schemas.js:30:57)
    at <anonymous> (/home/luong/Downloads/WebsiteLookBookBanQuanAoExpressjsNextjs/backend/src/middlewares/validate-request.middleware.ts:11:33)
    at Layer.handleRequest (/home/luong/Downloads/WebsiteLookBookBanQuanAoExpressjsNextjs/backend/node_modules/router/lib/layer.js:152:17)
    at next (/home/luong/Downloads/WebsiteLookBookBanQuanAoExpressjsNextjs/backend/node_modules/router/lib/route.js:157:13)
    at Route.dispatch (/home/luong/Downloads/WebsiteLookBookBanQuanAoExpressjsNextjs/backend/node_modules/router/lib/route.js:117:3)
    at handle (/home/luong/Downloads/WebsiteLookBookBanQuanAoExpressjsNextjs/backend/node_modules/router/index.js:435:11)
    at Layer.handleRequest (/home/luong/Downloads/WebsiteLookBookBanQuanAoExpressjsNextjs/backend/node_modules/router/lib/layer.js:152:17)
    at /home/luong/Downloads/WebsiteLookBookBanQuanAoExpressjsNextjs/backend/node_modules/router/index.js:295:15
2025-12-16 07:55:22 [INFO] undefined
2025-12-16 07:55:39 [INFO] undefined
2025-12-16 07:56:48 [INFO] undefined
2025-12-16 07:57:57 [INFO] undefined
2025-12-16 07:58:01 [INFO] undefined
2025-12-16 07:58:05 [INFO] undefined
2025-12-16 07:58:50 [INFO] undefined
2025-12-16 07:58:53 [INFO] undefined
2025-12-16 07:59:22 [INFO] undefined
2025-12-16 07:59:47 [INFO] undefined
2025-12-16 08:00:03 [INFO] undefined
2025-12-16 08:00:05 [INFO] undefined
2025-12-16 08:00:07 [INFO] undefined
2025-12-16 08:00:08 [INFO] undefined
2025-12-16 08:00:11 [INFO] undefined
2025-12-16 08:00:26 [INFO] undefined
2025-12-16 08:00:45 [INFO] undefined
2025-12-16 08:00:48 [INFO] undefined
2025-12-16 08:00:52 [INFO] undefined
2025-12-16 08:01:01 [INFO] undefined
2025-12-16 08:01:06 [INFO] undefined
2025-12-16 08:01:13 [INFO] undefined
2025-12-16 08:01:17 [INFO] undefined
2025-12-16 08:01:20 [INFO] undefined
2025-12-16 08:01:22 [INFO] undefined
2025-12-16 08:01:29 [INFO] undefined
2025-12-16 08:01:29 [INFO] undefined
2025-12-16 08:01:39 [INFO] undefined
2025-12-16 08:01:39 [INFO] undefined
2025-12-16 08:04:59 [INFO] undefined
2025-12-16 08:05:07 [INFO] undefined
2025-12-16 08:05:30 [INFO] undefined
2025-12-16 08:05:30 [INFO] undefined
2025-12-16 08:07:24 [INFO] undefined
2025-12-16 08:08:25 [INFO] undefined
2025-12-16 08:09:11 [INFO] undefined
2025-12-16 08:09:19 [INFO] undefined
2025-12-16 08:10:19 [INFO] Server running in development mode at http://localhost:8000
2025-12-16 08:10:21 [INFO] undefined
2025-12-16 08:10:21 [INFO] undefined
2025-12-16 08:10:23 [INFO] undefined
2025-12-16 08:10:24 [INFO] undefined
2025-12-16 08:10:24 [INFO] undefined
2025-12-16 08:10:24 [INFO] undefined
2025-12-16 08:10:33 [INFO] Server running in development mode at http://localhost:8000
2025-12-16 08:10:39 [INFO] Server running in development mode at http://localhost:8000
2025-12-16 08:10:47 [INFO] undefined
2025-12-16 08:10:59 [INFO] undefined
2025-12-16 08:10:59 [INFO] undefined
2025-12-16 08:10:59 [ERROR] [
  {
    "expected": "string",
    "code": "invalid_type",
    "path": [
      "code"
    ],
    "message": "Invalid input: expected string, received undefined"
  }
]
ZodError: [
  {
    "expected": "string",
    "code": "invalid_type",
    "path": [
      "code"
    ],
    "message": "Invalid input: expected string, received undefined"
  }
]
    at new ZodError (file:///home/luong/Downloads/WebsiteLookBookBanQuanAoExpressjsNextjs/backend/node_modules/zod/v4/core/core.js:30:39)
    at Module.<anonymous> (file:///home/luong/Downloads/WebsiteLookBookBanQuanAoExpressjsNextjs/backend/node_modules/zod/v4/core/parse.js:53:20)
    at inst.safeParseAsync (file:///home/luong/Downloads/WebsiteLookBookBanQuanAoExpressjsNextjs/backend/node_modules/zod/v4/classic/schemas.js:30:57)
    at <anonymous> (/home/luong/Downloads/WebsiteLookBookBanQuanAoExpressjsNextjs/backend/src/middlewares/validate-request.middleware.ts:11:33)
    at Layer.handleRequest (/home/luong/Downloads/WebsiteLookBookBanQuanAoExpressjsNextjs/backend/node_modules/router/lib/layer.js:152:17)
    at next (/home/luong/Downloads/WebsiteLookBookBanQuanAoExpressjsNextjs/backend/node_modules/router/lib/route.js:157:13)
    at <anonymous> (/home/luong/Downloads/WebsiteLookBookBanQuanAoExpressjsNextjs/backend/src/middlewares/validate-request.middleware.ts:28:5)
    at process.processTicksAndRejections (node:internal/process/task_queues:103:5)
2025-12-16 08:30:05 [INFO] undefined
2025-12-16 08:30:15 [INFO] undefined
2025-12-16 08:30:20 [INFO] undefined
2025-12-16 08:30:26 [INFO] undefined
2025-12-16 08:30:29 [INFO] undefined
2025-12-16 08:30:44 [INFO] undefined
2025-12-16 08:30:53 [INFO] undefined
2025-12-16 08:30:54 [INFO] undefined
2025-12-16 08:30:56 [INFO] undefined
2025-12-16 08:31:01 [INFO] undefined
2025-12-16 08:31:03 [INFO] undefined
2025-12-16 08:31:06 [INFO] undefined
2025-12-16 08:31:14 [INFO] undefined
2025-12-16 08:31:56 [INFO] undefined
2025-12-16 08:32:52 [INFO] Server running in development mode at http://localhost:8000
2025-12-16 08:34:03 [INFO] Server running in development mode at http://localhost:8000
2025-12-16 08:34:39 [INFO] Server running in development mode at http://localhost:8000
2025-12-16 08:35:12 [INFO] Server running in development mode at http://localhost:8000
2025-12-16 08:36:26 [INFO] undefined
2025-12-16 08:36:46 [INFO] undefined
2025-12-16 08:36:59 [INFO] undefined
2025-12-16 08:37:07 [INFO] undefined
2025-12-16 08:37:33 [INFO] undefined
2025-12-16 08:38:08 [INFO] undefined
2025-12-16 08:38:12 [INFO] undefined
2025-12-16 08:38:19 [INFO] undefined
2025-12-16 08:39:29 [INFO] undefined
2025-12-16 08:41:10 [INFO] Server running in development mode at http://localhost:8000
2025-12-16 08:41:25 [INFO] Server running in development mode at http://localhost:8000
2025-12-16 08:41:39 [INFO] Server running in development mode at http://localhost:8000
2025-12-16 08:41:44 [INFO] Server running in development mode at http://localhost:8000
2025-12-16 08:42:40 [INFO] Server running in development mode at http://localhost:8000
2025-12-16 08:42:49 [INFO] Server running in development mode at http://localhost:8000
2025-12-16 08:44:46 [INFO] Server running in development mode at http://localhost:8000
2025-12-16 08:45:06 [INFO] Server running in development mode at http://localhost:8000
2025-12-16 08:45:10 [INFO] Server running in development mode at http://localhost:8000
2025-12-16 08:46:46 [INFO] Server running in development mode at http://localhost:8000
2025-12-16 08:46:51 [INFO] undefined
2025-12-16 08:47:39 [INFO] undefined
2025-12-16 08:47:50 [INFO] undefined
2025-12-16 08:47:53 [INFO] undefined
2025-12-16 08:49:15 [INFO] Server running in development mode at http://localhost:8000
2025-12-16 08:49:21 [INFO] Server running in development mode at http://localhost:8000
2025-12-16 08:49:51 [INFO] undefined
2025-12-16 08:52:48 [INFO] undefined
2025-12-16 08:52:52 [INFO] undefined
2025-12-16 08:54:04 [INFO] undefined
2025-12-16 08:54:06 [INFO] undefined
2025-12-16 08:55:16 [INFO] undefined
2025-12-16 08:55:28 [INFO] undefined
2025-12-16 08:56:27 [INFO] undefined
2025-12-16 08:58:03 [INFO] undefined
2025-12-16 08:58:03 [INFO] undefined
2025-12-16 09:01:34 [INFO] undefined
2025-12-16 09:01:45 [INFO] undefined
2025-12-16 09:03:39 [INFO] undefined
2025-12-16 09:04:03 [INFO] undefined
2025-12-16 09:04:14 [INFO] undefined
2025-12-16 09:04:14 [INFO] undefined
2025-12-16 09:04:14 [INFO] undefined
2025-12-16 09:04:14 [INFO] undefined
2025-12-16 09:04:21 [INFO] undefined
2025-12-16 09:04:21 [INFO] undefined
2025-12-16 09:04:21 [INFO] undefined
2025-12-16 09:04:21 [INFO] undefined
2025-12-16 09:05:03 [INFO] undefined
2025-12-16 09:05:03 [INFO] undefined
2025-12-16 09:05:03 [ERROR] [
  {
    "expected": "string",
    "code": "invalid_type",
    "path": [
      "code"
    ],
    "message": "Invalid input: expected string, received undefined"
  }
]
ZodError: [
  {
    "expected": "string",
    "code": "invalid_type",
    "path": [
      "code"
    ],
    "message": "Invalid input: expected string, received undefined"
  }
]
    at new ZodError (file:///home/luong/Downloads/WebsiteLookBookBanQuanAoExpressjsNextjs/backend/node_modules/zod/v4/core/core.js:30:39)
    at Module.<anonymous> (file:///home/luong/Downloads/WebsiteLookBookBanQuanAoExpressjsNextjs/backend/node_modules/zod/v4/core/parse.js:53:20)
    at inst.safeParseAsync (file:///home/luong/Downloads/WebsiteLookBookBanQuanAoExpressjsNextjs/backend/node_modules/zod/v4/classic/schemas.js:30:57)
    at <anonymous> (/home/luong/Downloads/WebsiteLookBookBanQuanAoExpressjsNextjs/backend/src/middlewares/validate-request.middleware.ts:11:33)
    at Layer.handleRequest (/home/luong/Downloads/WebsiteLookBookBanQuanAoExpressjsNextjs/backend/node_modules/router/lib/layer.js:152:17)
    at next (/home/luong/Downloads/WebsiteLookBookBanQuanAoExpressjsNextjs/backend/node_modules/router/lib/route.js:157:13)
    at <anonymous> (/home/luong/Downloads/WebsiteLookBookBanQuanAoExpressjsNextjs/backend/src/middlewares/validate-request.middleware.ts:28:5)
    at process.processTicksAndRejections (node:internal/process/task_queues:103:5)
2025-12-16 09:07:13 [INFO] undefined
2025-12-16 09:07:34 [INFO] undefined
2025-12-16 09:07:43 [INFO] undefined
2025-12-16 09:07:43 [INFO] undefined
2025-12-16 09:07:43 [ERROR] [
  {
    "expected": "string",
    "code": "invalid_type",
    "path": [
      "code"
    ],
    "message": "Invalid input: expected string, received undefined"
  }
]
ZodError: [
  {
    "expected": "string",
    "code": "invalid_type",
    "path": [
      "code"
    ],
    "message": "Invalid input: expected string, received undefined"
  }
]
    at new ZodError (file:///home/luong/Downloads/WebsiteLookBookBanQuanAoExpressjsNextjs/backend/node_modules/zod/v4/core/core.js:30:39)
    at Module.<anonymous> (file:///home/luong/Downloads/WebsiteLookBookBanQuanAoExpressjsNextjs/backend/node_modules/zod/v4/core/parse.js:53:20)
    at inst.safeParseAsync (file:///home/luong/Downloads/WebsiteLookBookBanQuanAoExpressjsNextjs/backend/node_modules/zod/v4/classic/schemas.js:30:57)
    at <anonymous> (/home/luong/Downloads/WebsiteLookBookBanQuanAoExpressjsNextjs/backend/src/middlewares/validate-request.middleware.ts:11:33)
    at Layer.handleRequest (/home/luong/Downloads/WebsiteLookBookBanQuanAoExpressjsNextjs/backend/node_modules/router/lib/layer.js:152:17)
    at next (/home/luong/Downloads/WebsiteLookBookBanQuanAoExpressjsNextjs/backend/node_modules/router/lib/route.js:157:13)
    at <anonymous> (/home/luong/Downloads/WebsiteLookBookBanQuanAoExpressjsNextjs/backend/src/middlewares/validate-request.middleware.ts:28:5)
    at process.processTicksAndRejections (node:internal/process/task_queues:103:5)
2025-12-16 09:08:02 [INFO] Server running in development mode at http://localhost:8000
2025-12-16 09:08:09 [INFO] undefined
2025-12-16 09:08:09 [INFO] undefined
2025-12-16 09:08:09 [INFO] undefined
2025-12-16 09:08:09 [INFO] undefined
2025-12-16 09:12:09 [INFO] undefined
2025-12-16 09:13:01 [INFO] undefined
2025-12-16 09:13:16 [INFO] undefined
2025-12-16 09:14:50 [INFO] undefined
2025-12-16 09:15:12 [INFO] undefined
2025-12-16 09:16:12 [INFO] undefined
2025-12-16 09:16:24 [INFO] undefined
2025-12-16 09:16:33 [INFO] undefined
2025-12-16 09:21:11 [INFO] undefined
2025-12-16 09:21:11 [ERROR] [
  {
    "expected": "number",
    "code": "invalid_type",
    "received": "NaN",
    "path": [
      "limit"
    ],
    "message": "Invalid input: expected number, received NaN"
  }
]
ZodError: [
  {
    "expected": "number",
    "code": "invalid_type",
    "received": "NaN",
    "path": [
      "limit"
    ],
    "message": "Invalid input: expected number, received NaN"
  }
]
    at new ZodError (file:///home/luong/Downloads/WebsiteLookBookBanQuanAoExpressjsNextjs/backend/node_modules/zod/v4/core/core.js:30:39)
    at Module.<anonymous> (file:///home/luong/Downloads/WebsiteLookBookBanQuanAoExpressjsNextjs/backend/node_modules/zod/v4/core/parse.js:53:20)
    at inst.safeParseAsync (file:///home/luong/Downloads/WebsiteLookBookBanQuanAoExpressjsNextjs/backend/node_modules/zod/v4/classic/schemas.js:30:57)
    at <anonymous> (/home/luong/Downloads/WebsiteLookBookBanQuanAoExpressjsNextjs/backend/src/middlewares/validate-request.middleware.ts:11:33)
    at Layer.handleRequest (/home/luong/Downloads/WebsiteLookBookBanQuanAoExpressjsNextjs/backend/node_modules/router/lib/layer.js:152:17)
    at next (/home/luong/Downloads/WebsiteLookBookBanQuanAoExpressjsNextjs/backend/node_modules/router/lib/route.js:157:13)
    at Route.dispatch (/home/luong/Downloads/WebsiteLookBookBanQuanAoExpressjsNextjs/backend/node_modules/router/lib/route.js:117:3)
    at handle (/home/luong/Downloads/WebsiteLookBookBanQuanAoExpressjsNextjs/backend/node_modules/router/index.js:435:11)
    at Layer.handleRequest (/home/luong/Downloads/WebsiteLookBookBanQuanAoExpressjsNextjs/backend/node_modules/router/lib/layer.js:152:17)
    at /home/luong/Downloads/WebsiteLookBookBanQuanAoExpressjsNextjs/backend/node_modules/router/index.js:295:15
2025-12-16 09:21:39 [INFO] undefined
2025-12-16 09:21:39 [ERROR] [
  {
    "expected": "number",
    "code": "invalid_type",
    "received": "NaN",
    "path": [
      "limit"
    ],
    "message": "Invalid input: expected number, received NaN"
  }
]
ZodError: [
  {
    "expected": "number",
    "code": "invalid_type",
    "received": "NaN",
    "path": [
      "limit"
    ],
    "message": "Invalid input: expected number, received NaN"
  }
]
    at new ZodError (file:///home/luong/Downloads/WebsiteLookBookBanQuanAoExpressjsNextjs/backend/node_modules/zod/v4/core/core.js:30:39)
    at Module.<anonymous> (file:///home/luong/Downloads/WebsiteLookBookBanQuanAoExpressjsNextjs/backend/node_modules/zod/v4/core/parse.js:53:20)
    at inst.safeParseAsync (file:///home/luong/Downloads/WebsiteLookBookBanQuanAoExpressjsNextjs/backend/node_modules/zod/v4/classic/schemas.js:30:57)
    at <anonymous> (/home/luong/Downloads/WebsiteLookBookBanQuanAoExpressjsNextjs/backend/src/middlewares/validate-request.middleware.ts:11:33)
    at Layer.handleRequest (/home/luong/Downloads/WebsiteLookBookBanQuanAoExpressjsNextjs/backend/node_modules/router/lib/layer.js:152:17)
    at next (/home/luong/Downloads/WebsiteLookBookBanQuanAoExpressjsNextjs/backend/node_modules/router/lib/route.js:157:13)
    at Route.dispatch (/home/luong/Downloads/WebsiteLookBookBanQuanAoExpressjsNextjs/backend/node_modules/router/lib/route.js:117:3)
    at handle (/home/luong/Downloads/WebsiteLookBookBanQuanAoExpressjsNextjs/backend/node_modules/router/index.js:435:11)
    at Layer.handleRequest (/home/luong/Downloads/WebsiteLookBookBanQuanAoExpressjsNextjs/backend/node_modules/router/lib/layer.js:152:17)
    at /home/luong/Downloads/WebsiteLookBookBanQuanAoExpressjsNextjs/backend/node_modules/router/index.js:295:15
2025-12-16 09:21:41 [INFO] undefined
2025-12-16 09:21:41 [ERROR] [
  {
    "expected": "number",
    "code": "invalid_type",
    "received": "NaN",
    "path": [
      "limit"
    ],
    "message": "Invalid input: expected number, received NaN"
  }
]
ZodError: [
  {
    "expected": "number",
    "code": "invalid_type",
    "received": "NaN",
    "path": [
      "limit"
    ],
    "message": "Invalid input: expected number, received NaN"
  }
]
    at new ZodError (file:///home/luong/Downloads/WebsiteLookBookBanQuanAoExpressjsNextjs/backend/node_modules/zod/v4/core/core.js:30:39)
    at Module.<anonymous> (file:///home/luong/Downloads/WebsiteLookBookBanQuanAoExpressjsNextjs/backend/node_modules/zod/v4/core/parse.js:53:20)
    at inst.safeParseAsync (file:///home/luong/Downloads/WebsiteLookBookBanQuanAoExpressjsNextjs/backend/node_modules/zod/v4/classic/schemas.js:30:57)
    at <anonymous> (/home/luong/Downloads/WebsiteLookBookBanQuanAoExpressjsNextjs/backend/src/middlewares/validate-request.middleware.ts:11:33)
    at Layer.handleRequest (/home/luong/Downloads/WebsiteLookBookBanQuanAoExpressjsNextjs/backend/node_modules/router/lib/layer.js:152:17)
    at next (/home/luong/Downloads/WebsiteLookBookBanQuanAoExpressjsNextjs/backend/node_modules/router/lib/route.js:157:13)
    at Route.dispatch (/home/luong/Downloads/WebsiteLookBookBanQuanAoExpressjsNextjs/backend/node_modules/router/lib/route.js:117:3)
    at handle (/home/luong/Downloads/WebsiteLookBookBanQuanAoExpressjsNextjs/backend/node_modules/router/index.js:435:11)
    at Layer.handleRequest (/home/luong/Downloads/WebsiteLookBookBanQuanAoExpressjsNextjs/backend/node_modules/router/lib/layer.js:152:17)
    at /home/luong/Downloads/WebsiteLookBookBanQuanAoExpressjsNextjs/backend/node_modules/router/index.js:295:15
2025-12-16 09:21:42 [INFO] undefined
2025-12-16 09:21:42 [ERROR] [
  {
    "expected": "number",
    "code": "invalid_type",
    "received": "NaN",
    "path": [
      "limit"
    ],
    "message": "Invalid input: expected number, received NaN"
  }
]
ZodError: [
  {
    "expected": "number",
    "code": "invalid_type",
    "received": "NaN",
    "path": [
      "limit"
    ],
    "message": "Invalid input: expected number, received NaN"
  }
]
    at new ZodError (file:///home/luong/Downloads/WebsiteLookBookBanQuanAoExpressjsNextjs/backend/node_modules/zod/v4/core/core.js:30:39)
    at Module.<anonymous> (file:///home/luong/Downloads/WebsiteLookBookBanQuanAoExpressjsNextjs/backend/node_modules/zod/v4/core/parse.js:53:20)
    at inst.safeParseAsync (file:///home/luong/Downloads/WebsiteLookBookBanQuanAoExpressjsNextjs/backend/node_modules/zod/v4/classic/schemas.js:30:57)
    at <anonymous> (/home/luong/Downloads/WebsiteLookBookBanQuanAoExpressjsNextjs/backend/src/middlewares/validate-request.middleware.ts:11:33)
    at Layer.handleRequest (/home/luong/Downloads/WebsiteLookBookBanQuanAoExpressjsNextjs/backend/node_modules/router/lib/layer.js:152:17)
    at next (/home/luong/Downloads/WebsiteLookBookBanQuanAoExpressjsNextjs/backend/node_modules/router/lib/route.js:157:13)
    at Route.dispatch (/home/luong/Downloads/WebsiteLookBookBanQuanAoExpressjsNextjs/backend/node_modules/router/lib/route.js:117:3)
    at handle (/home/luong/Downloads/WebsiteLookBookBanQuanAoExpressjsNextjs/backend/node_modules/router/index.js:435:11)
    at Layer.handleRequest (/home/luong/Downloads/WebsiteLookBookBanQuanAoExpressjsNextjs/backend/node_modules/router/lib/layer.js:152:17)
    at /home/luong/Downloads/WebsiteLookBookBanQuanAoExpressjsNextjs/backend/node_modules/router/index.js:295:15
2025-12-16 09:21:44 [INFO] undefined
2025-12-16 09:21:45 [ERROR] [
  {
    "expected": "number",
    "code": "invalid_type",
    "received": "NaN",
    "path": [
      "limit"
    ],
    "message": "Invalid input: expected number, received NaN"
  }
]
ZodError: [
  {
    "expected": "number",
    "code": "invalid_type",
    "received": "NaN",
    "path": [
      "limit"
    ],
    "message": "Invalid input: expected number, received NaN"
  }
]
    at new ZodError (file:///home/luong/Downloads/WebsiteLookBookBanQuanAoExpressjsNextjs/backend/node_modules/zod/v4/core/core.js:30:39)
    at Module.<anonymous> (file:///home/luong/Downloads/WebsiteLookBookBanQuanAoExpressjsNextjs/backend/node_modules/zod/v4/core/parse.js:53:20)
    at inst.safeParseAsync (file:///home/luong/Downloads/WebsiteLookBookBanQuanAoExpressjsNextjs/backend/node_modules/zod/v4/classic/schemas.js:30:57)
    at <anonymous> (/home/luong/Downloads/WebsiteLookBookBanQuanAoExpressjsNextjs/backend/src/middlewares/validate-request.middleware.ts:11:33)
    at Layer.handleRequest (/home/luong/Downloads/WebsiteLookBookBanQuanAoExpressjsNextjs/backend/node_modules/router/lib/layer.js:152:17)
    at next (/home/luong/Downloads/WebsiteLookBookBanQuanAoExpressjsNextjs/backend/node_modules/router/lib/route.js:157:13)
    at Route.dispatch (/home/luong/Downloads/WebsiteLookBookBanQuanAoExpressjsNextjs/backend/node_modules/router/lib/route.js:117:3)
    at handle (/home/luong/Downloads/WebsiteLookBookBanQuanAoExpressjsNextjs/backend/node_modules/router/index.js:435:11)
    at Layer.handleRequest (/home/luong/Downloads/WebsiteLookBookBanQuanAoExpressjsNextjs/backend/node_modules/router/lib/layer.js:152:17)
    at /home/luong/Downloads/WebsiteLookBookBanQuanAoExpressjsNextjs/backend/node_modules/router/index.js:295:15
2025-12-16 09:21:49 [INFO] undefined
2025-12-16 09:21:49 [ERROR] [
  {
    "expected": "number",
    "code": "invalid_type",
    "received": "NaN",
    "path": [
      "limit"
    ],
    "message": "Invalid input: expected number, received NaN"
  }
]
ZodError: [
  {
    "expected": "number",
    "code": "invalid_type",
    "received": "NaN",
    "path": [
      "limit"
    ],
    "message": "Invalid input: expected number, received NaN"
  }
]
    at new ZodError (file:///home/luong/Downloads/WebsiteLookBookBanQuanAoExpressjsNextjs/backend/node_modules/zod/v4/core/core.js:30:39)
    at Module.<anonymous> (file:///home/luong/Downloads/WebsiteLookBookBanQuanAoExpressjsNextjs/backend/node_modules/zod/v4/core/parse.js:53:20)
    at inst.safeParseAsync (file:///home/luong/Downloads/WebsiteLookBookBanQuanAoExpressjsNextjs/backend/node_modules/zod/v4/classic/schemas.js:30:57)
    at <anonymous> (/home/luong/Downloads/WebsiteLookBookBanQuanAoExpressjsNextjs/backend/src/middlewares/validate-request.middleware.ts:11:33)
    at Layer.handleRequest (/home/luong/Downloads/WebsiteLookBookBanQuanAoExpressjsNextjs/backend/node_modules/router/lib/layer.js:152:17)
    at next (/home/luong/Downloads/WebsiteLookBookBanQuanAoExpressjsNextjs/backend/node_modules/router/lib/route.js:157:13)
    at Route.dispatch (/home/luong/Downloads/WebsiteLookBookBanQuanAoExpressjsNextjs/backend/node_modules/router/lib/route.js:117:3)
    at handle (/home/luong/Downloads/WebsiteLookBookBanQuanAoExpressjsNextjs/backend/node_modules/router/index.js:435:11)
    at Layer.handleRequest (/home/luong/Downloads/WebsiteLookBookBanQuanAoExpressjsNextjs/backend/node_modules/router/lib/layer.js:152:17)
    at /home/luong/Downloads/WebsiteLookBookBanQuanAoExpressjsNextjs/backend/node_modules/router/index.js:295:15
2025-12-16 09:22:17 [INFO] undefined
2025-12-16 09:22:17 [ERROR] [
  {
    "origin": "number",
    "code": "too_small",
    "minimum": 10,
    "inclusive": true,
    "path": [
      "limit"
    ],
    "message": "Too small: expected number to be >=10"
  }
]
ZodError: [
  {
    "origin": "number",
    "code": "too_small",
    "minimum": 10,
    "inclusive": true,
    "path": [
      "limit"
    ],
    "message": "Too small: expected number to be >=10"
  }
]
    at new ZodError (file:///home/luong/Downloads/WebsiteLookBookBanQuanAoExpressjsNextjs/backend/node_modules/zod/v4/core/core.js:30:39)
    at Module.<anonymous> (file:///home/luong/Downloads/WebsiteLookBookBanQuanAoExpressjsNextjs/backend/node_modules/zod/v4/core/parse.js:53:20)
    at inst.safeParseAsync (file:///home/luong/Downloads/WebsiteLookBookBanQuanAoExpressjsNextjs/backend/node_modules/zod/v4/classic/schemas.js:30:57)
    at <anonymous> (/home/luong/Downloads/WebsiteLookBookBanQuanAoExpressjsNextjs/backend/src/middlewares/validate-request.middleware.ts:11:33)
    at Layer.handleRequest (/home/luong/Downloads/WebsiteLookBookBanQuanAoExpressjsNextjs/backend/node_modules/router/lib/layer.js:152:17)
    at next (/home/luong/Downloads/WebsiteLookBookBanQuanAoExpressjsNextjs/backend/node_modules/router/lib/route.js:157:13)
    at Route.dispatch (/home/luong/Downloads/WebsiteLookBookBanQuanAoExpressjsNextjs/backend/node_modules/router/lib/route.js:117:3)
    at handle (/home/luong/Downloads/WebsiteLookBookBanQuanAoExpressjsNextjs/backend/node_modules/router/index.js:435:11)
    at Layer.handleRequest (/home/luong/Downloads/WebsiteLookBookBanQuanAoExpressjsNextjs/backend/node_modules/router/lib/layer.js:152:17)
    at /home/luong/Downloads/WebsiteLookBookBanQuanAoExpressjsNextjs/backend/node_modules/router/index.js:295:15
2025-12-16 09:22:18 [INFO] undefined
2025-12-16 09:22:18 [ERROR] [
  {
    "origin": "number",
    "code": "too_small",
    "minimum": 10,
    "inclusive": true,
    "path": [
      "limit"
    ],
    "message": "Too small: expected number to be >=10"
  }
]
ZodError: [
  {
    "origin": "number",
    "code": "too_small",
    "minimum": 10,
    "inclusive": true,
    "path": [
      "limit"
    ],
    "message": "Too small: expected number to be >=10"
  }
]
    at new ZodError (file:///home/luong/Downloads/WebsiteLookBookBanQuanAoExpressjsNextjs/backend/node_modules/zod/v4/core/core.js:30:39)
    at Module.<anonymous> (file:///home/luong/Downloads/WebsiteLookBookBanQuanAoExpressjsNextjs/backend/node_modules/zod/v4/core/parse.js:53:20)
    at inst.safeParseAsync (file:///home/luong/Downloads/WebsiteLookBookBanQuanAoExpressjsNextjs/backend/node_modules/zod/v4/classic/schemas.js:30:57)
    at <anonymous> (/home/luong/Downloads/WebsiteLookBookBanQuanAoExpressjsNextjs/backend/src/middlewares/validate-request.middleware.ts:11:33)
    at Layer.handleRequest (/home/luong/Downloads/WebsiteLookBookBanQuanAoExpressjsNextjs/backend/node_modules/router/lib/layer.js:152:17)
    at next (/home/luong/Downloads/WebsiteLookBookBanQuanAoExpressjsNextjs/backend/node_modules/router/lib/route.js:157:13)
    at Route.dispatch (/home/luong/Downloads/WebsiteLookBookBanQuanAoExpressjsNextjs/backend/node_modules/router/lib/route.js:117:3)
    at handle (/home/luong/Downloads/WebsiteLookBookBanQuanAoExpressjsNextjs/backend/node_modules/router/index.js:435:11)
    at Layer.handleRequest (/home/luong/Downloads/WebsiteLookBookBanQuanAoExpressjsNextjs/backend/node_modules/router/lib/layer.js:152:17)
    at /home/luong/Downloads/WebsiteLookBookBanQuanAoExpressjsNextjs/backend/node_modules/router/index.js:295:15
2025-12-16 09:22:20 [INFO] undefined
2025-12-16 09:22:20 [ERROR] [
  {
    "origin": "number",
    "code": "too_small",
    "minimum": 10,
    "inclusive": true,
    "path": [
      "limit"
    ],
    "message": "Too small: expected number to be >=10"
  }
]
ZodError: [
  {
    "origin": "number",
    "code": "too_small",
    "minimum": 10,
    "inclusive": true,
    "path": [
      "limit"
    ],
    "message": "Too small: expected number to be >=10"
  }
]
    at new ZodError (file:///home/luong/Downloads/WebsiteLookBookBanQuanAoExpressjsNextjs/backend/node_modules/zod/v4/core/core.js:30:39)
    at Module.<anonymous> (file:///home/luong/Downloads/WebsiteLookBookBanQuanAoExpressjsNextjs/backend/node_modules/zod/v4/core/parse.js:53:20)
    at inst.safeParseAsync (file:///home/luong/Downloads/WebsiteLookBookBanQuanAoExpressjsNextjs/backend/node_modules/zod/v4/classic/schemas.js:30:57)
    at <anonymous> (/home/luong/Downloads/WebsiteLookBookBanQuanAoExpressjsNextjs/backend/src/middlewares/validate-request.middleware.ts:11:33)
    at Layer.handleRequest (/home/luong/Downloads/WebsiteLookBookBanQuanAoExpressjsNextjs/backend/node_modules/router/lib/layer.js:152:17)
    at next (/home/luong/Downloads/WebsiteLookBookBanQuanAoExpressjsNextjs/backend/node_modules/router/lib/route.js:157:13)
    at Route.dispatch (/home/luong/Downloads/WebsiteLookBookBanQuanAoExpressjsNextjs/backend/node_modules/router/lib/route.js:117:3)
    at handle (/home/luong/Downloads/WebsiteLookBookBanQuanAoExpressjsNextjs/backend/node_modules/router/index.js:435:11)
    at Layer.handleRequest (/home/luong/Downloads/WebsiteLookBookBanQuanAoExpressjsNextjs/backend/node_modules/router/lib/layer.js:152:17)
    at /home/luong/Downloads/WebsiteLookBookBanQuanAoExpressjsNextjs/backend/node_modules/router/index.js:295:15
2025-12-16 09:22:24 [INFO] undefined
2025-12-16 09:22:24 [ERROR] [
  {
    "origin": "number",
    "code": "too_small",
    "minimum": 10,
    "inclusive": true,
    "path": [
      "limit"
    ],
    "message": "Too small: expected number to be >=10"
  }
]
ZodError: [
  {
    "origin": "number",
    "code": "too_small",
    "minimum": 10,
    "inclusive": true,
    "path": [
      "limit"
    ],
    "message": "Too small: expected number to be >=10"
  }
]
    at new ZodError (file:///home/luong/Downloads/WebsiteLookBookBanQuanAoExpressjsNextjs/backend/node_modules/zod/v4/core/core.js:30:39)
    at Module.<anonymous> (file:///home/luong/Downloads/WebsiteLookBookBanQuanAoExpressjsNextjs/backend/node_modules/zod/v4/core/parse.js:53:20)
    at inst.safeParseAsync (file:///home/luong/Downloads/WebsiteLookBookBanQuanAoExpressjsNextjs/backend/node_modules/zod/v4/classic/schemas.js:30:57)
    at <anonymous> (/home/luong/Downloads/WebsiteLookBookBanQuanAoExpressjsNextjs/backend/src/middlewares/validate-request.middleware.ts:11:33)
    at Layer.handleRequest (/home/luong/Downloads/WebsiteLookBookBanQuanAoExpressjsNextjs/backend/node_modules/router/lib/layer.js:152:17)
    at next (/home/luong/Downloads/WebsiteLookBookBanQuanAoExpressjsNextjs/backend/node_modules/router/lib/route.js:157:13)
    at Route.dispatch (/home/luong/Downloads/WebsiteLookBookBanQuanAoExpressjsNextjs/backend/node_modules/router/lib/route.js:117:3)
    at handle (/home/luong/Downloads/WebsiteLookBookBanQuanAoExpressjsNextjs/backend/node_modules/router/index.js:435:11)
    at Layer.handleRequest (/home/luong/Downloads/WebsiteLookBookBanQuanAoExpressjsNextjs/backend/node_modules/router/lib/layer.js:152:17)
    at /home/luong/Downloads/WebsiteLookBookBanQuanAoExpressjsNextjs/backend/node_modules/router/index.js:295:15
2025-12-16 09:22:42 [INFO] Server running in development mode at http://localhost:8000
2025-12-16 09:22:47 [INFO] undefined
2025-12-16 09:22:57 [INFO] undefined
2025-12-16 09:22:59 [INFO] undefined
2025-12-16 09:23:26 [INFO] Server running in development mode at http://localhost:8000
2025-12-16 09:23:55 [INFO] undefined
2025-12-16 09:24:03 [INFO] undefined
2025-12-16 09:24:20 [INFO] undefined
2025-12-16 09:24:53 [INFO] undefined
2025-12-16 09:25:23 [INFO] undefined
2025-12-16 09:25:26 [INFO] undefined
2025-12-16 09:25:27 [INFO] undefined
2025-12-16 09:25:32 [INFO] undefined
2025-12-16 09:25:32 [INFO] undefined
2025-12-16 09:25:38 [INFO] undefined
2025-12-16 09:26:18 [INFO] undefined
2025-12-16 09:30:07 [INFO] Server running in development mode at http://localhost:8000
2025-12-16 09:30:46 [INFO] undefined
2025-12-16 09:30:46 [ERROR] [
  {
    "expected": "number",
    "code": "invalid_type",
    "received": "NaN",
    "path": [
      "postId"
    ],
    "message": "Invalid input: expected number, received NaN"
  }
]
ZodError: [
  {
    "expected": "number",
    "code": "invalid_type",
    "received": "NaN",
    "path": [
      "postId"
    ],
    "message": "Invalid input: expected number, received NaN"
  }
]
    at new ZodError (file:///home/luong/Downloads/WebsiteLookBookBanQuanAoExpressjsNextjs/backend/node_modules/zod/v4/core/core.js:30:39)
    at Module.<anonymous> (file:///home/luong/Downloads/WebsiteLookBookBanQuanAoExpressjsNextjs/backend/node_modules/zod/v4/core/parse.js:53:20)
    at inst.safeParseAsync (file:///home/luong/Downloads/WebsiteLookBookBanQuanAoExpressjsNextjs/backend/node_modules/zod/v4/classic/schemas.js:30:57)
    at <anonymous> (/home/luong/Downloads/WebsiteLookBookBanQuanAoExpressjsNextjs/backend/src/middlewares/validate-request.middleware.ts:11:33)
    at Layer.handleRequest (/home/luong/Downloads/WebsiteLookBookBanQuanAoExpressjsNextjs/backend/node_modules/router/lib/layer.js:152:17)
    at next (/home/luong/Downloads/WebsiteLookBookBanQuanAoExpressjsNextjs/backend/node_modules/router/lib/route.js:157:13)
    at Route.dispatch (/home/luong/Downloads/WebsiteLookBookBanQuanAoExpressjsNextjs/backend/node_modules/router/lib/route.js:117:3)
    at handle (/home/luong/Downloads/WebsiteLookBookBanQuanAoExpressjsNextjs/backend/node_modules/router/index.js:435:11)
    at Layer.handleRequest (/home/luong/Downloads/WebsiteLookBookBanQuanAoExpressjsNextjs/backend/node_modules/router/lib/layer.js:152:17)
    at /home/luong/Downloads/WebsiteLookBookBanQuanAoExpressjsNextjs/backend/node_modules/router/index.js:295:15
2025-12-16 09:30:52 [INFO] undefined
2025-12-16 09:30:52 [ERROR] [
  {
    "expected": "number",
    "code": "invalid_type",
    "received": "NaN",
    "path": [
      "postId"
    ],
    "message": "Invalid input: expected number, received NaN"
  }
]
ZodError: [
  {
    "expected": "number",
    "code": "invalid_type",
    "received": "NaN",
    "path": [
      "postId"
    ],
    "message": "Invalid input: expected number, received NaN"
  }
]
    at new ZodError (file:///home/luong/Downloads/WebsiteLookBookBanQuanAoExpressjsNextjs/backend/node_modules/zod/v4/core/core.js:30:39)
    at Module.<anonymous> (file:///home/luong/Downloads/WebsiteLookBookBanQuanAoExpressjsNextjs/backend/node_modules/zod/v4/core/parse.js:53:20)
    at inst.safeParseAsync (file:///home/luong/Downloads/WebsiteLookBookBanQuanAoExpressjsNextjs/backend/node_modules/zod/v4/classic/schemas.js:30:57)
    at <anonymous> (/home/luong/Downloads/WebsiteLookBookBanQuanAoExpressjsNextjs/backend/src/middlewares/validate-request.middleware.ts:11:33)
    at Layer.handleRequest (/home/luong/Downloads/WebsiteLookBookBanQuanAoExpressjsNextjs/backend/node_modules/router/lib/layer.js:152:17)
    at next (/home/luong/Downloads/WebsiteLookBookBanQuanAoExpressjsNextjs/backend/node_modules/router/lib/route.js:157:13)
    at Route.dispatch (/home/luong/Downloads/WebsiteLookBookBanQuanAoExpressjsNextjs/backend/node_modules/router/lib/route.js:117:3)
    at handle (/home/luong/Downloads/WebsiteLookBookBanQuanAoExpressjsNextjs/backend/node_modules/router/index.js:435:11)
    at Layer.handleRequest (/home/luong/Downloads/WebsiteLookBookBanQuanAoExpressjsNextjs/backend/node_modules/router/lib/layer.js:152:17)
    at /home/luong/Downloads/WebsiteLookBookBanQuanAoExpressjsNextjs/backend/node_modules/router/index.js:295:15
2025-12-16 09:30:54 [INFO] undefined
2025-12-16 09:30:54 [ERROR] [
  {
    "expected": "number",
    "code": "invalid_type",
    "received": "NaN",
    "path": [
      "postId"
    ],
    "message": "Invalid input: expected number, received NaN"
  }
]
ZodError: [
  {
    "expected": "number",
    "code": "invalid_type",
    "received": "NaN",
    "path": [
      "postId"
    ],
    "message": "Invalid input: expected number, received NaN"
  }
]
    at new ZodError (file:///home/luong/Downloads/WebsiteLookBookBanQuanAoExpressjsNextjs/backend/node_modules/zod/v4/core/core.js:30:39)
    at Module.<anonymous> (file:///home/luong/Downloads/WebsiteLookBookBanQuanAoExpressjsNextjs/backend/node_modules/zod/v4/core/parse.js:53:20)
    at inst.safeParseAsync (file:///home/luong/Downloads/WebsiteLookBookBanQuanAoExpressjsNextjs/backend/node_modules/zod/v4/classic/schemas.js:30:57)
    at <anonymous> (/home/luong/Downloads/WebsiteLookBookBanQuanAoExpressjsNextjs/backend/src/middlewares/validate-request.middleware.ts:11:33)
    at Layer.handleRequest (/home/luong/Downloads/WebsiteLookBookBanQuanAoExpressjsNextjs/backend/node_modules/router/lib/layer.js:152:17)
    at next (/home/luong/Downloads/WebsiteLookBookBanQuanAoExpressjsNextjs/backend/node_modules/router/lib/route.js:157:13)
    at Route.dispatch (/home/luong/Downloads/WebsiteLookBookBanQuanAoExpressjsNextjs/backend/node_modules/router/lib/route.js:117:3)
    at handle (/home/luong/Downloads/WebsiteLookBookBanQuanAoExpressjsNextjs/backend/node_modules/router/index.js:435:11)
    at Layer.handleRequest (/home/luong/Downloads/WebsiteLookBookBanQuanAoExpressjsNextjs/backend/node_modules/router/lib/layer.js:152:17)
    at /home/luong/Downloads/WebsiteLookBookBanQuanAoExpressjsNextjs/backend/node_modules/router/index.js:295:15
2025-12-16 09:30:58 [INFO] undefined
2025-12-16 09:30:58 [ERROR] [
  {
    "expected": "number",
    "code": "invalid_type",
    "received": "NaN",
    "path": [
      "postId"
    ],
    "message": "Invalid input: expected number, received NaN"
  }
]
ZodError: [
  {
    "expected": "number",
    "code": "invalid_type",
    "received": "NaN",
    "path": [
      "postId"
    ],
    "message": "Invalid input: expected number, received NaN"
  }
]
    at new ZodError (file:///home/luong/Downloads/WebsiteLookBookBanQuanAoExpressjsNextjs/backend/node_modules/zod/v4/core/core.js:30:39)
    at Module.<anonymous> (file:///home/luong/Downloads/WebsiteLookBookBanQuanAoExpressjsNextjs/backend/node_modules/zod/v4/core/parse.js:53:20)
    at inst.safeParseAsync (file:///home/luong/Downloads/WebsiteLookBookBanQuanAoExpressjsNextjs/backend/node_modules/zod/v4/classic/schemas.js:30:57)
    at <anonymous> (/home/luong/Downloads/WebsiteLookBookBanQuanAoExpressjsNextjs/backend/src/middlewares/validate-request.middleware.ts:11:33)
    at Layer.handleRequest (/home/luong/Downloads/WebsiteLookBookBanQuanAoExpressjsNextjs/backend/node_modules/router/lib/layer.js:152:17)
    at next (/home/luong/Downloads/WebsiteLookBookBanQuanAoExpressjsNextjs/backend/node_modules/router/lib/route.js:157:13)
    at Route.dispatch (/home/luong/Downloads/WebsiteLookBookBanQuanAoExpressjsNextjs/backend/node_modules/router/lib/route.js:117:3)
    at handle (/home/luong/Downloads/WebsiteLookBookBanQuanAoExpressjsNextjs/backend/node_modules/router/index.js:435:11)
    at Layer.handleRequest (/home/luong/Downloads/WebsiteLookBookBanQuanAoExpressjsNextjs/backend/node_modules/router/lib/layer.js:152:17)
    at /home/luong/Downloads/WebsiteLookBookBanQuanAoExpressjsNextjs/backend/node_modules/router/index.js:295:15
2025-12-16 09:30:59 [INFO] undefined
2025-12-16 09:30:59 [ERROR] [
  {
    "expected": "number",
    "code": "invalid_type",
    "received": "NaN",
    "path": [
      "postId"
    ],
    "message": "Invalid input: expected number, received NaN"
  }
]
ZodError: [
  {
    "expected": "number",
    "code": "invalid_type",
    "received": "NaN",
    "path": [
      "postId"
    ],
    "message": "Invalid input: expected number, received NaN"
  }
]
    at new ZodError (file:///home/luong/Downloads/WebsiteLookBookBanQuanAoExpressjsNextjs/backend/node_modules/zod/v4/core/core.js:30:39)
    at Module.<anonymous> (file:///home/luong/Downloads/WebsiteLookBookBanQuanAoExpressjsNextjs/backend/node_modules/zod/v4/core/parse.js:53:20)
    at inst.safeParseAsync (file:///home/luong/Downloads/WebsiteLookBookBanQuanAoExpressjsNextjs/backend/node_modules/zod/v4/classic/schemas.js:30:57)
    at <anonymous> (/home/luong/Downloads/WebsiteLookBookBanQuanAoExpressjsNextjs/backend/src/middlewares/validate-request.middleware.ts:11:33)
    at Layer.handleRequest (/home/luong/Downloads/WebsiteLookBookBanQuanAoExpressjsNextjs/backend/node_modules/router/lib/layer.js:152:17)
    at next (/home/luong/Downloads/WebsiteLookBookBanQuanAoExpressjsNextjs/backend/node_modules/router/lib/route.js:157:13)
    at Route.dispatch (/home/luong/Downloads/WebsiteLookBookBanQuanAoExpressjsNextjs/backend/node_modules/router/lib/route.js:117:3)
    at handle (/home/luong/Downloads/WebsiteLookBookBanQuanAoExpressjsNextjs/backend/node_modules/router/index.js:435:11)
    at Layer.handleRequest (/home/luong/Downloads/WebsiteLookBookBanQuanAoExpressjsNextjs/backend/node_modules/router/lib/layer.js:152:17)
    at /home/luong/Downloads/WebsiteLookBookBanQuanAoExpressjsNextjs/backend/node_modules/router/index.js:295:15
2025-12-16 09:31:01 [INFO] undefined
2025-12-16 09:31:01 [ERROR] [
  {
    "expected": "number",
    "code": "invalid_type",
    "received": "NaN",
    "path": [
      "postId"
    ],
    "message": "Invalid input: expected number, received NaN"
  }
]
ZodError: [
  {
    "expected": "number",
    "code": "invalid_type",
    "received": "NaN",
    "path": [
      "postId"
    ],
    "message": "Invalid input: expected number, received NaN"
  }
]
    at new ZodError (file:///home/luong/Downloads/WebsiteLookBookBanQuanAoExpressjsNextjs/backend/node_modules/zod/v4/core/core.js:30:39)
    at Module.<anonymous> (file:///home/luong/Downloads/WebsiteLookBookBanQuanAoExpressjsNextjs/backend/node_modules/zod/v4/core/parse.js:53:20)
    at inst.safeParseAsync (file:///home/luong/Downloads/WebsiteLookBookBanQuanAoExpressjsNextjs/backend/node_modules/zod/v4/classic/schemas.js:30:57)
    at <anonymous> (/home/luong/Downloads/WebsiteLookBookBanQuanAoExpressjsNextjs/backend/src/middlewares/validate-request.middleware.ts:11:33)
    at Layer.handleRequest (/home/luong/Downloads/WebsiteLookBookBanQuanAoExpressjsNextjs/backend/node_modules/router/lib/layer.js:152:17)
    at next (/home/luong/Downloads/WebsiteLookBookBanQuanAoExpressjsNextjs/backend/node_modules/router/lib/route.js:157:13)
    at Route.dispatch (/home/luong/Downloads/WebsiteLookBookBanQuanAoExpressjsNextjs/backend/node_modules/router/lib/route.js:117:3)
    at handle (/home/luong/Downloads/WebsiteLookBookBanQuanAoExpressjsNextjs/backend/node_modules/router/index.js:435:11)
    at Layer.handleRequest (/home/luong/Downloads/WebsiteLookBookBanQuanAoExpressjsNextjs/backend/node_modules/router/lib/layer.js:152:17)
    at /home/luong/Downloads/WebsiteLookBookBanQuanAoExpressjsNextjs/backend/node_modules/router/index.js:295:15
2025-12-16 09:31:05 [INFO] undefined
2025-12-16 09:31:05 [ERROR] [
  {
    "expected": "number",
    "code": "invalid_type",
    "received": "NaN",
    "path": [
      "postId"
    ],
    "message": "Invalid input: expected number, received NaN"
  }
]
ZodError: [
  {
    "expected": "number",
    "code": "invalid_type",
    "received": "NaN",
    "path": [
      "postId"
    ],
    "message": "Invalid input: expected number, received NaN"
  }
]
    at new ZodError (file:///home/luong/Downloads/WebsiteLookBookBanQuanAoExpressjsNextjs/backend/node_modules/zod/v4/core/core.js:30:39)
    at Module.<anonymous> (file:///home/luong/Downloads/WebsiteLookBookBanQuanAoExpressjsNextjs/backend/node_modules/zod/v4/core/parse.js:53:20)
    at inst.safeParseAsync (file:///home/luong/Downloads/WebsiteLookBookBanQuanAoExpressjsNextjs/backend/node_modules/zod/v4/classic/schemas.js:30:57)
    at <anonymous> (/home/luong/Downloads/WebsiteLookBookBanQuanAoExpressjsNextjs/backend/src/middlewares/validate-request.middleware.ts:11:33)
    at Layer.handleRequest (/home/luong/Downloads/WebsiteLookBookBanQuanAoExpressjsNextjs/backend/node_modules/router/lib/layer.js:152:17)
    at next (/home/luong/Downloads/WebsiteLookBookBanQuanAoExpressjsNextjs/backend/node_modules/router/lib/route.js:157:13)
    at Route.dispatch (/home/luong/Downloads/WebsiteLookBookBanQuanAoExpressjsNextjs/backend/node_modules/router/lib/route.js:117:3)
    at handle (/home/luong/Downloads/WebsiteLookBookBanQuanAoExpressjsNextjs/backend/node_modules/router/index.js:435:11)
    at Layer.handleRequest (/home/luong/Downloads/WebsiteLookBookBanQuanAoExpressjsNextjs/backend/node_modules/router/lib/layer.js:152:17)
    at /home/luong/Downloads/WebsiteLookBookBanQuanAoExpressjsNextjs/backend/node_modules/router/index.js:295:15
2025-12-16 09:31:53 [INFO] undefined
2025-12-16 09:31:53 [ERROR] [
  {
    "expected": "number",
    "code": "invalid_type",
    "received": "NaN",
    "path": [
      "postId"
    ],
    "message": "Invalid input: expected number, received NaN"
  }
]
ZodError: [
  {
    "expected": "number",
    "code": "invalid_type",
    "received": "NaN",
    "path": [
      "postId"
    ],
    "message": "Invalid input: expected number, received NaN"
  }
]
    at new ZodError (file:///home/luong/Downloads/WebsiteLookBookBanQuanAoExpressjsNextjs/backend/node_modules/zod/v4/core/core.js:30:39)
    at Module.<anonymous> (file:///home/luong/Downloads/WebsiteLookBookBanQuanAoExpressjsNextjs/backend/node_modules/zod/v4/core/parse.js:53:20)
    at inst.safeParseAsync (file:///home/luong/Downloads/WebsiteLookBookBanQuanAoExpressjsNextjs/backend/node_modules/zod/v4/classic/schemas.js:30:57)
    at <anonymous> (/home/luong/Downloads/WebsiteLookBookBanQuanAoExpressjsNextjs/backend/src/middlewares/validate-request.middleware.ts:11:33)
    at Layer.handleRequest (/home/luong/Downloads/WebsiteLookBookBanQuanAoExpressjsNextjs/backend/node_modules/router/lib/layer.js:152:17)
    at next (/home/luong/Downloads/WebsiteLookBookBanQuanAoExpressjsNextjs/backend/node_modules/router/lib/route.js:157:13)
    at Route.dispatch (/home/luong/Downloads/WebsiteLookBookBanQuanAoExpressjsNextjs/backend/node_modules/router/lib/route.js:117:3)
    at handle (/home/luong/Downloads/WebsiteLookBookBanQuanAoExpressjsNextjs/backend/node_modules/router/index.js:435:11)
    at Layer.handleRequest (/home/luong/Downloads/WebsiteLookBookBanQuanAoExpressjsNextjs/backend/node_modules/router/lib/layer.js:152:17)
    at /home/luong/Downloads/WebsiteLookBookBanQuanAoExpressjsNextjs/backend/node_modules/router/index.js:295:15
2025-12-16 09:31:54 [INFO] undefined
2025-12-16 09:31:54 [ERROR] [
  {
    "expected": "number",
    "code": "invalid_type",
    "received": "NaN",
    "path": [
      "postId"
    ],
    "message": "Invalid input: expected number, received NaN"
  }
]
ZodError: [
  {
    "expected": "number",
    "code": "invalid_type",
    "received": "NaN",
    "path": [
      "postId"
    ],
    "message": "Invalid input: expected number, received NaN"
  }
]
    at new ZodError (file:///home/luong/Downloads/WebsiteLookBookBanQuanAoExpressjsNextjs/backend/node_modules/zod/v4/core/core.js:30:39)
    at Module.<anonymous> (file:///home/luong/Downloads/WebsiteLookBookBanQuanAoExpressjsNextjs/backend/node_modules/zod/v4/core/parse.js:53:20)
    at inst.safeParseAsync (file:///home/luong/Downloads/WebsiteLookBookBanQuanAoExpressjsNextjs/backend/node_modules/zod/v4/classic/schemas.js:30:57)
    at <anonymous> (/home/luong/Downloads/WebsiteLookBookBanQuanAoExpressjsNextjs/backend/src/middlewares/validate-request.middleware.ts:11:33)
    at Layer.handleRequest (/home/luong/Downloads/WebsiteLookBookBanQuanAoExpressjsNextjs/backend/node_modules/router/lib/layer.js:152:17)
    at next (/home/luong/Downloads/WebsiteLookBookBanQuanAoExpressjsNextjs/backend/node_modules/router/lib/route.js:157:13)
    at Route.dispatch (/home/luong/Downloads/WebsiteLookBookBanQuanAoExpressjsNextjs/backend/node_modules/router/lib/route.js:117:3)
    at handle (/home/luong/Downloads/WebsiteLookBookBanQuanAoExpressjsNextjs/backend/node_modules/router/index.js:435:11)
    at Layer.handleRequest (/home/luong/Downloads/WebsiteLookBookBanQuanAoExpressjsNextjs/backend/node_modules/router/lib/layer.js:152:17)
    at /home/luong/Downloads/WebsiteLookBookBanQuanAoExpressjsNextjs/backend/node_modules/router/index.js:295:15
2025-12-16 09:31:56 [INFO] undefined
2025-12-16 09:31:56 [ERROR] [
  {
    "expected": "number",
    "code": "invalid_type",
    "received": "NaN",
    "path": [
      "postId"
    ],
    "message": "Invalid input: expected number, received NaN"
  }
]
ZodError: [
  {
    "expected": "number",
    "code": "invalid_type",
    "received": "NaN",
    "path": [
      "postId"
    ],
    "message": "Invalid input: expected number, received NaN"
  }
]
    at new ZodError (file:///home/luong/Downloads/WebsiteLookBookBanQuanAoExpressjsNextjs/backend/node_modules/zod/v4/core/core.js:30:39)
    at Module.<anonymous> (file:///home/luong/Downloads/WebsiteLookBookBanQuanAoExpressjsNextjs/backend/node_modules/zod/v4/core/parse.js:53:20)
    at inst.safeParseAsync (file:///home/luong/Downloads/WebsiteLookBookBanQuanAoExpressjsNextjs/backend/node_modules/zod/v4/classic/schemas.js:30:57)
    at <anonymous> (/home/luong/Downloads/WebsiteLookBookBanQuanAoExpressjsNextjs/backend/src/middlewares/validate-request.middleware.ts:11:33)
    at Layer.handleRequest (/home/luong/Downloads/WebsiteLookBookBanQuanAoExpressjsNextjs/backend/node_modules/router/lib/layer.js:152:17)
    at next (/home/luong/Downloads/WebsiteLookBookBanQuanAoExpressjsNextjs/backend/node_modules/router/lib/route.js:157:13)
    at Route.dispatch (/home/luong/Downloads/WebsiteLookBookBanQuanAoExpressjsNextjs/backend/node_modules/router/lib/route.js:117:3)
    at handle (/home/luong/Downloads/WebsiteLookBookBanQuanAoExpressjsNextjs/backend/node_modules/router/index.js:435:11)
    at Layer.handleRequest (/home/luong/Downloads/WebsiteLookBookBanQuanAoExpressjsNextjs/backend/node_modules/router/lib/layer.js:152:17)
    at /home/luong/Downloads/WebsiteLookBookBanQuanAoExpressjsNextjs/backend/node_modules/router/index.js:295:15
2025-12-16 09:32:01 [INFO] undefined
2025-12-16 09:32:01 [ERROR] [
  {
    "expected": "number",
    "code": "invalid_type",
    "received": "NaN",
    "path": [
      "postId"
    ],
    "message": "Invalid input: expected number, received NaN"
  }
]
ZodError: [
  {
    "expected": "number",
    "code": "invalid_type",
    "received": "NaN",
    "path": [
      "postId"
    ],
    "message": "Invalid input: expected number, received NaN"
  }
]
    at new ZodError (file:///home/luong/Downloads/WebsiteLookBookBanQuanAoExpressjsNextjs/backend/node_modules/zod/v4/core/core.js:30:39)
    at Module.<anonymous> (file:///home/luong/Downloads/WebsiteLookBookBanQuanAoExpressjsNextjs/backend/node_modules/zod/v4/core/parse.js:53:20)
    at inst.safeParseAsync (file:///home/luong/Downloads/WebsiteLookBookBanQuanAoExpressjsNextjs/backend/node_modules/zod/v4/classic/schemas.js:30:57)
    at <anonymous> (/home/luong/Downloads/WebsiteLookBookBanQuanAoExpressjsNextjs/backend/src/middlewares/validate-request.middleware.ts:11:33)
    at Layer.handleRequest (/home/luong/Downloads/WebsiteLookBookBanQuanAoExpressjsNextjs/backend/node_modules/router/lib/layer.js:152:17)
    at next (/home/luong/Downloads/WebsiteLookBookBanQuanAoExpressjsNextjs/backend/node_modules/router/lib/route.js:157:13)
    at Route.dispatch (/home/luong/Downloads/WebsiteLookBookBanQuanAoExpressjsNextjs/backend/node_modules/router/lib/route.js:117:3)
    at handle (/home/luong/Downloads/WebsiteLookBookBanQuanAoExpressjsNextjs/backend/node_modules/router/index.js:435:11)
    at Layer.handleRequest (/home/luong/Downloads/WebsiteLookBookBanQuanAoExpressjsNextjs/backend/node_modules/router/lib/layer.js:152:17)
    at /home/luong/Downloads/WebsiteLookBookBanQuanAoExpressjsNextjs/backend/node_modules/router/index.js:295:15
2025-12-16 09:32:42 [INFO] undefined
2025-12-16 09:32:42 [ERROR] [
  {
    "expected": "number",
    "code": "invalid_type",
    "received": "NaN",
    "path": [
      "postId"
    ],
    "message": "Invalid input: expected number, received NaN"
  }
]
ZodError: [
  {
    "expected": "number",
    "code": "invalid_type",
    "received": "NaN",
    "path": [
      "postId"
    ],
    "message": "Invalid input: expected number, received NaN"
  }
]
    at new ZodError (file:///home/luong/Downloads/WebsiteLookBookBanQuanAoExpressjsNextjs/backend/node_modules/zod/v4/core/core.js:30:39)
    at Module.<anonymous> (file:///home/luong/Downloads/WebsiteLookBookBanQuanAoExpressjsNextjs/backend/node_modules/zod/v4/core/parse.js:53:20)
    at inst.safeParseAsync (file:///home/luong/Downloads/WebsiteLookBookBanQuanAoExpressjsNextjs/backend/node_modules/zod/v4/classic/schemas.js:30:57)
    at <anonymous> (/home/luong/Downloads/WebsiteLookBookBanQuanAoExpressjsNextjs/backend/src/middlewares/validate-request.middleware.ts:11:33)
    at Layer.handleRequest (/home/luong/Downloads/WebsiteLookBookBanQuanAoExpressjsNextjs/backend/node_modules/router/lib/layer.js:152:17)
    at next (/home/luong/Downloads/WebsiteLookBookBanQuanAoExpressjsNextjs/backend/node_modules/router/lib/route.js:157:13)
    at Route.dispatch (/home/luong/Downloads/WebsiteLookBookBanQuanAoExpressjsNextjs/backend/node_modules/router/lib/route.js:117:3)
    at handle (/home/luong/Downloads/WebsiteLookBookBanQuanAoExpressjsNextjs/backend/node_modules/router/index.js:435:11)
    at Layer.handleRequest (/home/luong/Downloads/WebsiteLookBookBanQuanAoExpressjsNextjs/backend/node_modules/router/lib/layer.js:152:17)
    at /home/luong/Downloads/WebsiteLookBookBanQuanAoExpressjsNextjs/backend/node_modules/router/index.js:295:15
2025-12-16 09:34:35 [INFO] Server running in development mode at http://localhost:8000
2025-12-16 09:34:37 [INFO] undefined
2025-12-16 09:34:37 [ERROR] [
  {
    "expected": "number",
    "code": "invalid_type",
    "received": "NaN",
    "path": [
      "postId"
    ],
    "message": "Invalid input: expected number, received NaN"
  }
]
ZodError: [
  {
    "expected": "number",
    "code": "invalid_type",
    "received": "NaN",
    "path": [
      "postId"
    ],
    "message": "Invalid input: expected number, received NaN"
  }
]
    at new ZodError (file:///home/luong/Downloads/WebsiteLookBookBanQuanAoExpressjsNextjs/backend/node_modules/zod/v4/core/core.js:30:39)
    at Module.<anonymous> (file:///home/luong/Downloads/WebsiteLookBookBanQuanAoExpressjsNextjs/backend/node_modules/zod/v4/core/parse.js:53:20)
    at inst.safeParseAsync (file:///home/luong/Downloads/WebsiteLookBookBanQuanAoExpressjsNextjs/backend/node_modules/zod/v4/classic/schemas.js:30:57)
    at <anonymous> (/home/luong/Downloads/WebsiteLookBookBanQuanAoExpressjsNextjs/backend/src/middlewares/validate-request.middleware.ts:11:33)
    at Layer.handleRequest (/home/luong/Downloads/WebsiteLookBookBanQuanAoExpressjsNextjs/backend/node_modules/router/lib/layer.js:152:17)
    at next (/home/luong/Downloads/WebsiteLookBookBanQuanAoExpressjsNextjs/backend/node_modules/router/lib/route.js:157:13)
    at Route.dispatch (/home/luong/Downloads/WebsiteLookBookBanQuanAoExpressjsNextjs/backend/node_modules/router/lib/route.js:117:3)
    at handle (/home/luong/Downloads/WebsiteLookBookBanQuanAoExpressjsNextjs/backend/node_modules/router/index.js:435:11)
    at Layer.handleRequest (/home/luong/Downloads/WebsiteLookBookBanQuanAoExpressjsNextjs/backend/node_modules/router/lib/layer.js:152:17)
    at /home/luong/Downloads/WebsiteLookBookBanQuanAoExpressjsNextjs/backend/node_modules/router/index.js:295:15
2025-12-16 09:34:59 [INFO] Server running in development mode at http://localhost:8000
2025-12-16 09:35:06 [INFO] Server running in development mode at http://localhost:8000
2025-12-16 09:35:16 [INFO] undefined
2025-12-16 09:35:16 [ERROR] [
  {
    "expected": "number",
    "code": "invalid_type",
    "received": "NaN",
    "path": [
      "postId"
    ],
    "message": "Invalid input: expected number, received NaN"
  }
]
ZodError: [
  {
    "expected": "number",
    "code": "invalid_type",
    "received": "NaN",
    "path": [
      "postId"
    ],
    "message": "Invalid input: expected number, received NaN"
  }
]
    at new ZodError (file:///home/luong/Downloads/WebsiteLookBookBanQuanAoExpressjsNextjs/backend/node_modules/zod/v4/core/core.js:30:39)
    at Module.<anonymous> (file:///home/luong/Downloads/WebsiteLookBookBanQuanAoExpressjsNextjs/backend/node_modules/zod/v4/core/parse.js:53:20)
    at inst.safeParseAsync (file:///home/luong/Downloads/WebsiteLookBookBanQuanAoExpressjsNextjs/backend/node_modules/zod/v4/classic/schemas.js:30:57)
    at <anonymous> (/home/luong/Downloads/WebsiteLookBookBanQuanAoExpressjsNextjs/backend/src/middlewares/validate-request.middleware.ts:11:33)
    at Layer.handleRequest (/home/luong/Downloads/WebsiteLookBookBanQuanAoExpressjsNextjs/backend/node_modules/router/lib/layer.js:152:17)
    at next (/home/luong/Downloads/WebsiteLookBookBanQuanAoExpressjsNextjs/backend/node_modules/router/lib/route.js:157:13)
    at Route.dispatch (/home/luong/Downloads/WebsiteLookBookBanQuanAoExpressjsNextjs/backend/node_modules/router/lib/route.js:117:3)
    at handle (/home/luong/Downloads/WebsiteLookBookBanQuanAoExpressjsNextjs/backend/node_modules/router/index.js:435:11)
    at Layer.handleRequest (/home/luong/Downloads/WebsiteLookBookBanQuanAoExpressjsNextjs/backend/node_modules/router/lib/layer.js:152:17)
    at /home/luong/Downloads/WebsiteLookBookBanQuanAoExpressjsNextjs/backend/node_modules/router/index.js:295:15
2025-12-16 09:35:19 [INFO] undefined
2025-12-16 09:35:25 [INFO] undefined
2025-12-16 09:36:31 [INFO] undefined
2025-12-16 09:36:45 [INFO] undefined
2025-12-16 09:37:36 [INFO] undefined
2025-12-16 09:37:43 [INFO] undefined
2025-12-16 09:38:01 [INFO] undefined
2025-12-16 09:38:58 [INFO] undefined
2025-12-16 09:38:58 [INFO] undefined
2025-12-16 09:39:01 [INFO] undefined
2025-12-16 09:39:05 [INFO] undefined
2025-12-16 09:39:31 [INFO] undefined
2025-12-16 09:40:10 [INFO] undefined
2025-12-16 09:41:17 [INFO] undefined
2025-12-16 09:41:23 [INFO] undefined
2025-12-16 09:41:23 [INFO] undefined
2025-12-16 09:41:30 [INFO] undefined
2025-12-16 09:41:43 [INFO] undefined
2025-12-16 09:41:46 [INFO] undefined
2025-12-16 09:41:46 [ERROR] [deleteProductByIdRepo] Failed to delete product id 7 
Invalid `prisma.product.delete()` invocation in
/home/luong/Downloads/WebsiteLookBookBanQuanAoExpressjsNextjs/backend/src/features/products/delete-product-by-id/repo.ts:25:26

  22 
  23 export async function deleteProductByIdRepo(prisma: PrismaClient, productId: number) {
  24   try {
→ 25     await prisma.product.delete(
Foreign key constraint violated on the foreign key
PrismaClientKnownRequestError: 
Invalid `prisma.product.delete()` invocation in
/home/luong/Downloads/WebsiteLookBookBanQuanAoExpressjsNextjs/backend/src/features/products/delete-product-by-id/repo.ts:25:26

  22 
  23 export async function deleteProductByIdRepo(prisma: PrismaClient, productId: number) {
  24   try {
→ 25     await prisma.product.delete(
Foreign key constraint violated on the foreign key
    at ei.handleRequestError (/home/luong/Downloads/WebsiteLookBookBanQuanAoExpressjsNextjs/backend/src/generated/prisma/runtime/library.js:125:7268)
    at ei.handleAndLogRequestError (/home/luong/Downloads/WebsiteLookBookBanQuanAoExpressjsNextjs/backend/src/generated/prisma/runtime/library.js:125:6593)
    at ei.request (/home/luong/Downloads/WebsiteLookBookBanQuanAoExpressjsNextjs/backend/src/generated/prisma/runtime/library.js:125:6300)
    at async a (/home/luong/Downloads/WebsiteLookBookBanQuanAoExpressjsNextjs/backend/src/generated/prisma/runtime/library.js:134:9551)
    at async deleteProductByIdRepo (/home/luong/Downloads/WebsiteLookBookBanQuanAoExpressjsNextjs/backend/src/features/products/delete-product-by-id/repo.ts:25:5)
    at async deleteProductByIdService (/home/luong/Downloads/WebsiteLookBookBanQuanAoExpressjsNextjs/backend/src/features/products/delete-product-by-id/service.ts:34:5)
    at async deleteProductByIdHandler (/home/luong/Downloads/WebsiteLookBookBanQuanAoExpressjsNextjs/backend/src/features/products/delete-product-by-id/handler.ts:9:3)
2025-12-16 09:41:46 [INFO] undefined
2025-12-16 09:42:26 [INFO] Server running in development mode at http://localhost:8000
2025-12-16 09:42:33 [INFO] Server running in development mode at http://localhost:8000
2025-12-16 09:42:33 [INFO] undefined
2025-12-16 09:42:34 [INFO] undefined
2025-12-16 09:42:35 [INFO] undefined
2025-12-16 09:42:36 [INFO] undefined
2025-12-16 09:42:36 [INFO] undefined
2025-12-16 09:42:38 [INFO] undefined
2025-12-16 09:42:38 [INFO] undefined
2025-12-16 09:42:38 [INFO] undefined
2025-12-16 09:42:38 [INFO] undefined
2025-12-16 09:42:39 [INFO] undefined
2025-12-16 09:42:39 [INFO] undefined
2025-12-16 09:42:39 [INFO] undefined
2025-12-16 09:42:39 [INFO] undefined
2025-12-16 09:42:39 [INFO] undefined
2025-12-16 09:42:40 [INFO] undefined
2025-12-16 09:42:40 [INFO] undefined
2025-12-16 09:42:40 [INFO] undefined
2025-12-16 09:42:40 [INFO] undefined
2025-12-16 09:42:41 [INFO] undefined
2025-12-16 09:42:41 [INFO] undefined
2025-12-16 09:42:41 [INFO] undefined
2025-12-16 09:42:42 [INFO] undefined
2025-12-16 09:42:42 [INFO] undefined
2025-12-16 09:42:42 [INFO] undefined
2025-12-16 09:42:42 [INFO] undefined
2025-12-16 09:42:42 [INFO] undefined
2025-12-16 09:42:42 [INFO] undefined
2025-12-16 09:42:43 [INFO] undefined
2025-12-16 09:42:43 [INFO] undefined
2025-12-16 09:42:43 [INFO] undefined
2025-12-16 09:42:44 [INFO] undefined
2025-12-16 09:42:44 [INFO] undefined
2025-12-16 09:42:44 [INFO] undefined
2025-12-16 09:42:44 [INFO] undefined
2025-12-16 09:42:45 [INFO] undefined
2025-12-16 09:42:45 [INFO] undefined
2025-12-16 09:42:45 [INFO] undefined
2025-12-16 09:44:39 [INFO] undefined
2025-12-16 09:50:34 [INFO] undefined
2025-12-16 09:51:00 [INFO] undefined
2025-12-16 09:53:56 [INFO] undefined
2025-12-16 09:56:37 [INFO] undefined
2025-12-16 10:00:12 [INFO] Server running in development mode at http://localhost:8000
2025-12-16 10:00:17 [INFO] undefined
2025-12-16 10:03:51 [INFO] undefined
2025-12-16 10:03:52 [INFO] undefined
2025-12-16 10:03:57 [INFO] undefined
2025-12-16 10:04:43 [INFO] Server running in development mode at http://localhost:8000
2025-12-16 10:04:44 [INFO] undefined
2025-12-16 10:04:54 [INFO] undefined
2025-12-16 10:05:27 [INFO] undefined
2025-12-16 10:05:30 [INFO] undefined
2025-12-16 10:05:34 [INFO] undefined
2025-12-16 10:05:37 [INFO] undefined
2025-12-16 10:05:49 [INFO] undefined
2025-12-16 10:05:54 [INFO] undefined
2025-12-16 10:05:56 [INFO] undefined
2025-12-16 10:07:01 [INFO] undefined
2025-12-16 10:07:02 [INFO] undefined
2025-12-16 10:07:02 [INFO] undefined
2025-12-16 10:07:02 [INFO] undefined
2025-12-16 10:07:02 [INFO] undefined
2025-12-16 10:07:14 [INFO] undefined
2025-12-16 10:07:14 [INFO] undefined
2025-12-16 10:07:14 [INFO] undefined
2025-12-16 10:07:14 [INFO] undefined
2025-12-16 10:07:19 [INFO] undefined
2025-12-16 10:07:22 [INFO] undefined
2025-12-16 10:07:24 [INFO] undefined
2025-12-16 10:07:27 [INFO] undefined
2025-12-16 10:08:53 [INFO] undefined
2025-12-16 10:08:54 [INFO] undefined
2025-12-16 10:08:59 [INFO] undefined
2025-12-16 10:09:00 [INFO] undefined
2025-12-16 10:09:02 [INFO] undefined
2025-12-16 10:09:20 [INFO] undefined
2025-12-16 10:09:20 [INFO] undefined
2025-12-16 10:09:20 [INFO] undefined
2025-12-16 10:09:20 [INFO] undefined
2025-12-16 10:09:22 [INFO] undefined
2025-12-16 10:09:26 [INFO] undefined
2025-12-16 10:09:26 [INFO] undefined
2025-12-16 10:10:12 [INFO] undefined
2025-12-16 10:10:16 [INFO] undefined
2025-12-16 10:12:40 [INFO] Server running in development mode at http://localhost:8000
2025-12-16 10:12:46 [INFO] Server running in development mode at http://localhost:8000
2025-12-16 10:13:05 [INFO] Server running in development mode at http://localhost:8000
2025-12-16 10:13:15 [INFO] Server running in development mode at http://localhost:8000
2025-12-16 10:21:23 [INFO] undefined
2025-12-16 10:21:39 [INFO] undefined
2025-12-16 10:21:57 [INFO] undefined
2025-12-16 10:22:01 [INFO] undefined
2025-12-16 10:22:03 [INFO] undefined
2025-12-16 10:22:08 [INFO] undefined
2025-12-16 10:22:08 [INFO] undefined
2025-12-16 10:22:59 [INFO] undefined
2025-12-16 10:23:50 [INFO] undefined
2025-12-16 10:24:28 [INFO] undefined
2025-12-16 10:24:34 [INFO] undefined
2025-12-16 10:27:03 [INFO] undefined
2025-12-16 10:27:09 [INFO] undefined
2025-12-16 10:27:24 [INFO] undefined
2025-12-16 10:27:24 [ERROR] [
  {
    "code": "custom",
    "path": [
      "identifier"
    ],
    "message": "Invalid username or email"
  },
  {
    "origin": "string",
    "code": "too_small",
    "minimum": 8,
    "inclusive": true,
    "path": [
      "password"
    ],
    "message": "Min length of password is 8"
  }
]
ZodError: [
  {
    "code": "custom",
    "path": [
      "identifier"
    ],
    "message": "Invalid username or email"
  },
  {
    "origin": "string",
    "code": "too_small",
    "minimum": 8,
    "inclusive": true,
    "path": [
      "password"
    ],
    "message": "Min length of password is 8"
  }
]
    at new ZodError (file:///home/luong/Downloads/WebsiteLookBookBanQuanAoExpressjsNextjs/backend/node_modules/zod/v4/core/core.js:30:39)
    at Module.<anonymous> (file:///home/luong/Downloads/WebsiteLookBookBanQuanAoExpressjsNextjs/backend/node_modules/zod/v4/core/parse.js:53:20)
    at inst.safeParseAsync (file:///home/luong/Downloads/WebsiteLookBookBanQuanAoExpressjsNextjs/backend/node_modules/zod/v4/classic/schemas.js:30:57)
    at <anonymous> (/home/luong/Downloads/WebsiteLookBookBanQuanAoExpressjsNextjs/backend/src/middlewares/validate-request.middleware.ts:11:33)
    at Layer.handleRequest (/home/luong/Downloads/WebsiteLookBookBanQuanAoExpressjsNextjs/backend/node_modules/router/lib/layer.js:152:17)
    at next (/home/luong/Downloads/WebsiteLookBookBanQuanAoExpressjsNextjs/backend/node_modules/router/lib/route.js:157:13)
    at Route.dispatch (/home/luong/Downloads/WebsiteLookBookBanQuanAoExpressjsNextjs/backend/node_modules/router/lib/route.js:117:3)
    at handle (/home/luong/Downloads/WebsiteLookBookBanQuanAoExpressjsNextjs/backend/node_modules/router/index.js:435:11)
    at Layer.handleRequest (/home/luong/Downloads/WebsiteLookBookBanQuanAoExpressjsNextjs/backend/node_modules/router/lib/layer.js:152:17)
    at /home/luong/Downloads/WebsiteLookBookBanQuanAoExpressjsNextjs/backend/node_modules/router/index.js:295:15
2025-12-16 10:27:27 [INFO] undefined
2025-12-16 10:27:27 [ERROR] [
  {
    "code": "custom",
    "path": [
      "identifier"
    ],
    "message": "Invalid username or email"
  },
  {
    "origin": "string",
    "code": "too_small",
    "minimum": 8,
    "inclusive": true,
    "path": [
      "password"
    ],
    "message": "Min length of password is 8"
  }
]
ZodError: [
  {
    "code": "custom",
    "path": [
      "identifier"
    ],
    "message": "Invalid username or email"
  },
  {
    "origin": "string",
    "code": "too_small",
    "minimum": 8,
    "inclusive": true,
    "path": [
      "password"
    ],
    "message": "Min length of password is 8"
  }
]
    at new ZodError (file:///home/luong/Downloads/WebsiteLookBookBanQuanAoExpressjsNextjs/backend/node_modules/zod/v4/core/core.js:30:39)
    at Module.<anonymous> (file:///home/luong/Downloads/WebsiteLookBookBanQuanAoExpressjsNextjs/backend/node_modules/zod/v4/core/parse.js:53:20)
    at inst.safeParseAsync (file:///home/luong/Downloads/WebsiteLookBookBanQuanAoExpressjsNextjs/backend/node_modules/zod/v4/classic/schemas.js:30:57)
    at <anonymous> (/home/luong/Downloads/WebsiteLookBookBanQuanAoExpressjsNextjs/backend/src/middlewares/validate-request.middleware.ts:11:33)
    at Layer.handleRequest (/home/luong/Downloads/WebsiteLookBookBanQuanAoExpressjsNextjs/backend/node_modules/router/lib/layer.js:152:17)
    at next (/home/luong/Downloads/WebsiteLookBookBanQuanAoExpressjsNextjs/backend/node_modules/router/lib/route.js:157:13)
    at Route.dispatch (/home/luong/Downloads/WebsiteLookBookBanQuanAoExpressjsNextjs/backend/node_modules/router/lib/route.js:117:3)
    at handle (/home/luong/Downloads/WebsiteLookBookBanQuanAoExpressjsNextjs/backend/node_modules/router/index.js:435:11)
    at Layer.handleRequest (/home/luong/Downloads/WebsiteLookBookBanQuanAoExpressjsNextjs/backend/node_modules/router/lib/layer.js:152:17)
    at /home/luong/Downloads/WebsiteLookBookBanQuanAoExpressjsNextjs/backend/node_modules/router/index.js:295:15
2025-12-16 10:27:28 [INFO] undefined
2025-12-16 10:27:28 [ERROR] [
  {
    "code": "custom",
    "path": [
      "identifier"
    ],
    "message": "Invalid username or email"
  }
]
ZodError: [
  {
    "code": "custom",
    "path": [
      "identifier"
    ],
    "message": "Invalid username or email"
  }
]
    at new ZodError (file:///home/luong/Downloads/WebsiteLookBookBanQuanAoExpressjsNextjs/backend/node_modules/zod/v4/core/core.js:30:39)
    at Module.<anonymous> (file:///home/luong/Downloads/WebsiteLookBookBanQuanAoExpressjsNextjs/backend/node_modules/zod/v4/core/parse.js:53:20)
    at inst.safeParseAsync (file:///home/luong/Downloads/WebsiteLookBookBanQuanAoExpressjsNextjs/backend/node_modules/zod/v4/classic/schemas.js:30:57)
    at <anonymous> (/home/luong/Downloads/WebsiteLookBookBanQuanAoExpressjsNextjs/backend/src/middlewares/validate-request.middleware.ts:11:33)
    at Layer.handleRequest (/home/luong/Downloads/WebsiteLookBookBanQuanAoExpressjsNextjs/backend/node_modules/router/lib/layer.js:152:17)
    at next (/home/luong/Downloads/WebsiteLookBookBanQuanAoExpressjsNextjs/backend/node_modules/router/lib/route.js:157:13)
    at Route.dispatch (/home/luong/Downloads/WebsiteLookBookBanQuanAoExpressjsNextjs/backend/node_modules/router/lib/route.js:117:3)
    at handle (/home/luong/Downloads/WebsiteLookBookBanQuanAoExpressjsNextjs/backend/node_modules/router/index.js:435:11)
    at Layer.handleRequest (/home/luong/Downloads/WebsiteLookBookBanQuanAoExpressjsNextjs/backend/node_modules/router/lib/layer.js:152:17)
    at /home/luong/Downloads/WebsiteLookBookBanQuanAoExpressjsNextjs/backend/node_modules/router/index.js:295:15
2025-12-16 10:27:35 [INFO] undefined
2025-12-16 10:27:54 [INFO] "eyJhbGciOiJIUzI1NiIsInR5cCI6IkpXVCJ9.eyJ1c2VySWQiOjEsImlhdCI6MTc2NTg1NTY1NSwiZXhwIjoxODUyMjU1NjU1fQ.52-eevD6_GD53S56JAJiHsPdpYfcQwizFz0CvJOcKI8"
2025-12-16 10:27:56 [INFO] "eyJhbGciOiJIUzI1NiIsInR5cCI6IkpXVCJ9.eyJ1c2VySWQiOjEsImlhdCI6MTc2NTg1NTY1NSwiZXhwIjoxODUyMjU1NjU1fQ.52-eevD6_GD53S56JAJiHsPdpYfcQwizFz0CvJOcKI8"
2025-12-16 10:28:06 [INFO] "eyJhbGciOiJIUzI1NiIsInR5cCI6IkpXVCJ9.eyJ1c2VySWQiOjEsImlhdCI6MTc2NTg1NTY1NSwiZXhwIjoxODUyMjU1NjU1fQ.52-eevD6_GD53S56JAJiHsPdpYfcQwizFz0CvJOcKI8"
2025-12-16 10:28:26 [INFO] "eyJhbGciOiJIUzI1NiIsInR5cCI6IkpXVCJ9.eyJ1c2VySWQiOjEsImlhdCI6MTc2NTg1NTY1NSwiZXhwIjoxODUyMjU1NjU1fQ.52-eevD6_GD53S56JAJiHsPdpYfcQwizFz0CvJOcKI8"
2025-12-16 10:28:30 [INFO] "eyJhbGciOiJIUzI1NiIsInR5cCI6IkpXVCJ9.eyJ1c2VySWQiOjEsImlhdCI6MTc2NTg1NTY1NSwiZXhwIjoxODUyMjU1NjU1fQ.52-eevD6_GD53S56JAJiHsPdpYfcQwizFz0CvJOcKI8"
2025-12-16 10:28:30 [INFO] "eyJhbGciOiJIUzI1NiIsInR5cCI6IkpXVCJ9.eyJ1c2VySWQiOjEsImlhdCI6MTc2NTg1NTY1NSwiZXhwIjoxODUyMjU1NjU1fQ.52-eevD6_GD53S56JAJiHsPdpYfcQwizFz0CvJOcKI8"
2025-12-16 10:28:30 [INFO] "eyJhbGciOiJIUzI1NiIsInR5cCI6IkpXVCJ9.eyJ1c2VySWQiOjEsImlhdCI6MTc2NTg1NTY1NSwiZXhwIjoxODUyMjU1NjU1fQ.52-eevD6_GD53S56JAJiHsPdpYfcQwizFz0CvJOcKI8"
2025-12-16 10:28:41 [INFO] "eyJhbGciOiJIUzI1NiIsInR5cCI6IkpXVCJ9.eyJ1c2VySWQiOjEsImlhdCI6MTc2NTg1NTY1NSwiZXhwIjoxODUyMjU1NjU1fQ.52-eevD6_GD53S56JAJiHsPdpYfcQwizFz0CvJOcKI8"
2025-12-16 10:28:54 [INFO] "eyJhbGciOiJIUzI1NiIsInR5cCI6IkpXVCJ9.eyJ1c2VySWQiOjEsImlhdCI6MTc2NTg1NTY1NSwiZXhwIjoxODUyMjU1NjU1fQ.52-eevD6_GD53S56JAJiHsPdpYfcQwizFz0CvJOcKI8"
2025-12-16 10:28:56 [INFO] "eyJhbGciOiJIUzI1NiIsInR5cCI6IkpXVCJ9.eyJ1c2VySWQiOjEsImlhdCI6MTc2NTg1NTY1NSwiZXhwIjoxODUyMjU1NjU1fQ.52-eevD6_GD53S56JAJiHsPdpYfcQwizFz0CvJOcKI8"
2025-12-16 10:32:06 [INFO] "eyJhbGciOiJIUzI1NiIsInR5cCI6IkpXVCJ9.eyJ1c2VySWQiOjEsImlhdCI6MTc2NTg1NTY1NSwiZXhwIjoxODUyMjU1NjU1fQ.52-eevD6_GD53S56JAJiHsPdpYfcQwizFz0CvJOcKI8"
2025-12-16 10:32:22 [INFO] "eyJhbGciOiJIUzI1NiIsInR5cCI6IkpXVCJ9.eyJ1c2VySWQiOjEsImlhdCI6MTc2NTg1NTY1NSwiZXhwIjoxODUyMjU1NjU1fQ.52-eevD6_GD53S56JAJiHsPdpYfcQwizFz0CvJOcKI8"
2025-12-16 10:32:31 [INFO] "eyJhbGciOiJIUzI1NiIsInR5cCI6IkpXVCJ9.eyJ1c2VySWQiOjEsImlhdCI6MTc2NTg1NTY1NSwiZXhwIjoxODUyMjU1NjU1fQ.52-eevD6_GD53S56JAJiHsPdpYfcQwizFz0CvJOcKI8"
2025-12-16 10:32:32 [INFO] "eyJhbGciOiJIUzI1NiIsInR5cCI6IkpXVCJ9.eyJ1c2VySWQiOjEsImlhdCI6MTc2NTg1NTY1NSwiZXhwIjoxODUyMjU1NjU1fQ.52-eevD6_GD53S56JAJiHsPdpYfcQwizFz0CvJOcKI8"
2025-12-16 10:32:46 [INFO] "eyJhbGciOiJIUzI1NiIsInR5cCI6IkpXVCJ9.eyJ1c2VySWQiOjEsImlhdCI6MTc2NTg1NTY1NSwiZXhwIjoxODUyMjU1NjU1fQ.52-eevD6_GD53S56JAJiHsPdpYfcQwizFz0CvJOcKI8"
2025-12-16 10:32:52 [INFO] "eyJhbGciOiJIUzI1NiIsInR5cCI6IkpXVCJ9.eyJ1c2VySWQiOjEsImlhdCI6MTc2NTg1NTY1NSwiZXhwIjoxODUyMjU1NjU1fQ.52-eevD6_GD53S56JAJiHsPdpYfcQwizFz0CvJOcKI8"
2025-12-16 10:32:52 [INFO] "eyJhbGciOiJIUzI1NiIsInR5cCI6IkpXVCJ9.eyJ1c2VySWQiOjEsImlhdCI6MTc2NTg1NTY1NSwiZXhwIjoxODUyMjU1NjU1fQ.52-eevD6_GD53S56JAJiHsPdpYfcQwizFz0CvJOcKI8"
2025-12-16 10:32:54 [INFO] "eyJhbGciOiJIUzI1NiIsInR5cCI6IkpXVCJ9.eyJ1c2VySWQiOjEsImlhdCI6MTc2NTg1NTY1NSwiZXhwIjoxODUyMjU1NjU1fQ.52-eevD6_GD53S56JAJiHsPdpYfcQwizFz0CvJOcKI8"
2025-12-16 10:34:04 [INFO] "eyJhbGciOiJIUzI1NiIsInR5cCI6IkpXVCJ9.eyJ1c2VySWQiOjEsImlhdCI6MTc2NTg1NTY1NSwiZXhwIjoxODUyMjU1NjU1fQ.52-eevD6_GD53S56JAJiHsPdpYfcQwizFz0CvJOcKI8"
2025-12-16 10:35:15 [INFO] "eyJhbGciOiJIUzI1NiIsInR5cCI6IkpXVCJ9.eyJ1c2VySWQiOjEsImlhdCI6MTc2NTg1NTY1NSwiZXhwIjoxODUyMjU1NjU1fQ.52-eevD6_GD53S56JAJiHsPdpYfcQwizFz0CvJOcKI8"
2025-12-16 10:38:47 [INFO] "eyJhbGciOiJIUzI1NiIsInR5cCI6IkpXVCJ9.eyJ1c2VySWQiOjEsImlhdCI6MTc2NTg1NTY1NSwiZXhwIjoxODUyMjU1NjU1fQ.52-eevD6_GD53S56JAJiHsPdpYfcQwizFz0CvJOcKI8"
2025-12-16 10:38:49 [INFO] "eyJhbGciOiJIUzI1NiIsInR5cCI6IkpXVCJ9.eyJ1c2VySWQiOjEsImlhdCI6MTc2NTg1NTY1NSwiZXhwIjoxODUyMjU1NjU1fQ.52-eevD6_GD53S56JAJiHsPdpYfcQwizFz0CvJOcKI8"
2025-12-16 10:38:56 [INFO] "eyJhbGciOiJIUzI1NiIsInR5cCI6IkpXVCJ9.eyJ1c2VySWQiOjEsImlhdCI6MTc2NTg1NTY1NSwiZXhwIjoxODUyMjU1NjU1fQ.52-eevD6_GD53S56JAJiHsPdpYfcQwizFz0CvJOcKI8"
2025-12-16 10:38:57 [INFO] "eyJhbGciOiJIUzI1NiIsInR5cCI6IkpXVCJ9.eyJ1c2VySWQiOjEsImlhdCI6MTc2NTg1NTY1NSwiZXhwIjoxODUyMjU1NjU1fQ.52-eevD6_GD53S56JAJiHsPdpYfcQwizFz0CvJOcKI8"
2025-12-16 10:39:31 [INFO] "eyJhbGciOiJIUzI1NiIsInR5cCI6IkpXVCJ9.eyJ1c2VySWQiOjEsImlhdCI6MTc2NTg1NTY1NSwiZXhwIjoxODUyMjU1NjU1fQ.52-eevD6_GD53S56JAJiHsPdpYfcQwizFz0CvJOcKI8"
2025-12-16 10:39:55 [INFO] "eyJhbGciOiJIUzI1NiIsInR5cCI6IkpXVCJ9.eyJ1c2VySWQiOjEsImlhdCI6MTc2NTg1NTY1NSwiZXhwIjoxODUyMjU1NjU1fQ.52-eevD6_GD53S56JAJiHsPdpYfcQwizFz0CvJOcKI8"
2025-12-16 10:40:47 [INFO] "eyJhbGciOiJIUzI1NiIsInR5cCI6IkpXVCJ9.eyJ1c2VySWQiOjEsImlhdCI6MTc2NTg1NTY1NSwiZXhwIjoxODUyMjU1NjU1fQ.52-eevD6_GD53S56JAJiHsPdpYfcQwizFz0CvJOcKI8"
2025-12-16 10:41:16 [INFO] "eyJhbGciOiJIUzI1NiIsInR5cCI6IkpXVCJ9.eyJ1c2VySWQiOjEsImlhdCI6MTc2NTg1NTY1NSwiZXhwIjoxODUyMjU1NjU1fQ.52-eevD6_GD53S56JAJiHsPdpYfcQwizFz0CvJOcKI8"
2025-12-16 10:41:21 [INFO] "eyJhbGciOiJIUzI1NiIsInR5cCI6IkpXVCJ9.eyJ1c2VySWQiOjEsImlhdCI6MTc2NTg1NTY1NSwiZXhwIjoxODUyMjU1NjU1fQ.52-eevD6_GD53S56JAJiHsPdpYfcQwizFz0CvJOcKI8"
2025-12-16 10:41:34 [INFO] Server running in development mode at http://localhost:8000
2025-12-16 10:41:41 [INFO] "eyJhbGciOiJIUzI1NiIsInR5cCI6IkpXVCJ9.eyJ1c2VySWQiOjEsImlhdCI6MTc2NTg1NTY1NSwiZXhwIjoxODUyMjU1NjU1fQ.52-eevD6_GD53S56JAJiHsPdpYfcQwizFz0CvJOcKI8"
2025-12-16 10:42:53 [INFO] "eyJhbGciOiJIUzI1NiIsInR5cCI6IkpXVCJ9.eyJ1c2VySWQiOjEsImlhdCI6MTc2NTg1NTY1NSwiZXhwIjoxODUyMjU1NjU1fQ.52-eevD6_GD53S56JAJiHsPdpYfcQwizFz0CvJOcKI8"
2025-12-16 10:43:25 [INFO] "eyJhbGciOiJIUzI1NiIsInR5cCI6IkpXVCJ9.eyJ1c2VySWQiOjEsImlhdCI6MTc2NTg1NTY1NSwiZXhwIjoxODUyMjU1NjU1fQ.52-eevD6_GD53S56JAJiHsPdpYfcQwizFz0CvJOcKI8"
2025-12-16 10:43:25 [INFO] "eyJhbGciOiJIUzI1NiIsInR5cCI6IkpXVCJ9.eyJ1c2VySWQiOjEsImlhdCI6MTc2NTg1NTY1NSwiZXhwIjoxODUyMjU1NjU1fQ.52-eevD6_GD53S56JAJiHsPdpYfcQwizFz0CvJOcKI8"
2025-12-16 10:43:30 [INFO] "eyJhbGciOiJIUzI1NiIsInR5cCI6IkpXVCJ9.eyJ1c2VySWQiOjEsImlhdCI6MTc2NTg1NTY1NSwiZXhwIjoxODUyMjU1NjU1fQ.52-eevD6_GD53S56JAJiHsPdpYfcQwizFz0CvJOcKI8"
2025-12-16 10:43:34 [INFO] "eyJhbGciOiJIUzI1NiIsInR5cCI6IkpXVCJ9.eyJ1c2VySWQiOjEsImlhdCI6MTc2NTg1NTY1NSwiZXhwIjoxODUyMjU1NjU1fQ.52-eevD6_GD53S56JAJiHsPdpYfcQwizFz0CvJOcKI8"
2025-12-16 10:46:13 [INFO] "eyJhbGciOiJIUzI1NiIsInR5cCI6IkpXVCJ9.eyJ1c2VySWQiOjEsImlhdCI6MTc2NTg1NTY1NSwiZXhwIjoxODUyMjU1NjU1fQ.52-eevD6_GD53S56JAJiHsPdpYfcQwizFz0CvJOcKI8"
2025-12-16 10:47:02 [INFO] Server running in development mode at http://localhost:8000
2025-12-16 10:47:20 [INFO] "eyJhbGciOiJIUzI1NiIsInR5cCI6IkpXVCJ9.eyJ1c2VySWQiOjEsImlhdCI6MTc2NTg1NTY1NSwiZXhwIjoxODUyMjU1NjU1fQ.52-eevD6_GD53S56JAJiHsPdpYfcQwizFz0CvJOcKI8"
2025-12-16 10:47:23 [INFO] "eyJhbGciOiJIUzI1NiIsInR5cCI6IkpXVCJ9.eyJ1c2VySWQiOjEsImlhdCI6MTc2NTg1NTY1NSwiZXhwIjoxODUyMjU1NjU1fQ.52-eevD6_GD53S56JAJiHsPdpYfcQwizFz0CvJOcKI8"
2025-12-16 10:47:23 [INFO] "eyJhbGciOiJIUzI1NiIsInR5cCI6IkpXVCJ9.eyJ1c2VySWQiOjEsImlhdCI6MTc2NTg1NTY1NSwiZXhwIjoxODUyMjU1NjU1fQ.52-eevD6_GD53S56JAJiHsPdpYfcQwizFz0CvJOcKI8"
2025-12-16 10:47:23 [INFO] "eyJhbGciOiJIUzI1NiIsInR5cCI6IkpXVCJ9.eyJ1c2VySWQiOjEsImlhdCI6MTc2NTg1NTY1NSwiZXhwIjoxODUyMjU1NjU1fQ.52-eevD6_GD53S56JAJiHsPdpYfcQwizFz0CvJOcKI8"
2025-12-16 10:47:23 [INFO] "eyJhbGciOiJIUzI1NiIsInR5cCI6IkpXVCJ9.eyJ1c2VySWQiOjEsImlhdCI6MTc2NTg1NTY1NSwiZXhwIjoxODUyMjU1NjU1fQ.52-eevD6_GD53S56JAJiHsPdpYfcQwizFz0CvJOcKI8"
2025-12-16 10:49:33 [INFO] "eyJhbGciOiJIUzI1NiIsInR5cCI6IkpXVCJ9.eyJ1c2VySWQiOjEsImlhdCI6MTc2NTg1NTY1NSwiZXhwIjoxODUyMjU1NjU1fQ.52-eevD6_GD53S56JAJiHsPdpYfcQwizFz0CvJOcKI8"
2025-12-16 10:49:34 [INFO] "eyJhbGciOiJIUzI1NiIsInR5cCI6IkpXVCJ9.eyJ1c2VySWQiOjEsImlhdCI6MTc2NTg1NTY1NSwiZXhwIjoxODUyMjU1NjU1fQ.52-eevD6_GD53S56JAJiHsPdpYfcQwizFz0CvJOcKI8"
2025-12-16 10:49:38 [INFO] "eyJhbGciOiJIUzI1NiIsInR5cCI6IkpXVCJ9.eyJ1c2VySWQiOjEsImlhdCI6MTc2NTg1NTY1NSwiZXhwIjoxODUyMjU1NjU1fQ.52-eevD6_GD53S56JAJiHsPdpYfcQwizFz0CvJOcKI8"
2025-12-16 10:49:38 [INFO] "eyJhbGciOiJIUzI1NiIsInR5cCI6IkpXVCJ9.eyJ1c2VySWQiOjEsImlhdCI6MTc2NTg1NTY1NSwiZXhwIjoxODUyMjU1NjU1fQ.52-eevD6_GD53S56JAJiHsPdpYfcQwizFz0CvJOcKI8"
2025-12-16 10:49:38 [INFO] "eyJhbGciOiJIUzI1NiIsInR5cCI6IkpXVCJ9.eyJ1c2VySWQiOjEsImlhdCI6MTc2NTg1NTY1NSwiZXhwIjoxODUyMjU1NjU1fQ.52-eevD6_GD53S56JAJiHsPdpYfcQwizFz0CvJOcKI8"
2025-12-16 10:49:38 [INFO] "eyJhbGciOiJIUzI1NiIsInR5cCI6IkpXVCJ9.eyJ1c2VySWQiOjEsImlhdCI6MTc2NTg1NTY1NSwiZXhwIjoxODUyMjU1NjU1fQ.52-eevD6_GD53S56JAJiHsPdpYfcQwizFz0CvJOcKI8"
2025-12-16 10:50:38 [INFO] Server running in development mode at http://localhost:8000
2025-12-16 10:50:58 [INFO] Server running in development mode at http://localhost:8000
2025-12-16 10:50:59 [INFO] "eyJhbGciOiJIUzI1NiIsInR5cCI6IkpXVCJ9.eyJ1c2VySWQiOjEsImlhdCI6MTc2NTg1NTY1NSwiZXhwIjoxODUyMjU1NjU1fQ.52-eevD6_GD53S56JAJiHsPdpYfcQwizFz0CvJOcKI8"
2025-12-16 10:50:59 [INFO] "eyJhbGciOiJIUzI1NiIsInR5cCI6IkpXVCJ9.eyJ1c2VySWQiOjEsImlhdCI6MTc2NTg1NTY1NSwiZXhwIjoxODUyMjU1NjU1fQ.52-eevD6_GD53S56JAJiHsPdpYfcQwizFz0CvJOcKI8"
2025-12-16 10:51:03 [INFO] "eyJhbGciOiJIUzI1NiIsInR5cCI6IkpXVCJ9.eyJ1c2VySWQiOjEsImlhdCI6MTc2NTg1NTY1NSwiZXhwIjoxODUyMjU1NjU1fQ.52-eevD6_GD53S56JAJiHsPdpYfcQwizFz0CvJOcKI8"
2025-12-16 10:51:03 [INFO] "eyJhbGciOiJIUzI1NiIsInR5cCI6IkpXVCJ9.eyJ1c2VySWQiOjEsImlhdCI6MTc2NTg1NTY1NSwiZXhwIjoxODUyMjU1NjU1fQ.52-eevD6_GD53S56JAJiHsPdpYfcQwizFz0CvJOcKI8"
2025-12-16 10:51:04 [INFO] "eyJhbGciOiJIUzI1NiIsInR5cCI6IkpXVCJ9.eyJ1c2VySWQiOjEsImlhdCI6MTc2NTg1NTY1NSwiZXhwIjoxODUyMjU1NjU1fQ.52-eevD6_GD53S56JAJiHsPdpYfcQwizFz0CvJOcKI8"
2025-12-16 10:51:04 [INFO] "eyJhbGciOiJIUzI1NiIsInR5cCI6IkpXVCJ9.eyJ1c2VySWQiOjEsImlhdCI6MTc2NTg1NTY1NSwiZXhwIjoxODUyMjU1NjU1fQ.52-eevD6_GD53S56JAJiHsPdpYfcQwizFz0CvJOcKI8"
2025-12-16 10:52:30 [INFO] "eyJhbGciOiJIUzI1NiIsInR5cCI6IkpXVCJ9.eyJ1c2VySWQiOjEsImlhdCI6MTc2NTg1NTY1NSwiZXhwIjoxODUyMjU1NjU1fQ.52-eevD6_GD53S56JAJiHsPdpYfcQwizFz0CvJOcKI8"
2025-12-16 10:53:51 [INFO] "eyJhbGciOiJIUzI1NiIsInR5cCI6IkpXVCJ9.eyJ1c2VySWQiOjEsImlhdCI6MTc2NTg1NTY1NSwiZXhwIjoxODUyMjU1NjU1fQ.52-eevD6_GD53S56JAJiHsPdpYfcQwizFz0CvJOcKI8"
2025-12-16 10:53:52 [INFO] "eyJhbGciOiJIUzI1NiIsInR5cCI6IkpXVCJ9.eyJ1c2VySWQiOjEsImlhdCI6MTc2NTg1NTY1NSwiZXhwIjoxODUyMjU1NjU1fQ.52-eevD6_GD53S56JAJiHsPdpYfcQwizFz0CvJOcKI8"
2025-12-16 10:55:53 [INFO] "eyJhbGciOiJIUzI1NiIsInR5cCI6IkpXVCJ9.eyJ1c2VySWQiOjEsImlhdCI6MTc2NTg1NTY1NSwiZXhwIjoxODUyMjU1NjU1fQ.52-eevD6_GD53S56JAJiHsPdpYfcQwizFz0CvJOcKI8"
2025-12-16 10:58:53 [INFO] Server running in development mode at http://localhost:8000
2025-12-16 10:59:32 [INFO] Server running in development mode at http://localhost:8000
2025-12-16 11:05:05 [INFO] Server running in development mode at http://localhost:8000
2025-12-16 11:05:28 [INFO] Server running in development mode at http://localhost:8000
2025-12-16 11:06:44 [INFO] Server running in development mode at http://localhost:8000
2025-12-16 11:07:07 [INFO] Server running in development mode at http://localhost:8000
2025-12-16 11:19:08 [INFO] Server running in development mode at http://localhost:8000
2025-12-16 11:20:34 [INFO] Server running in development mode at http://localhost:8000
2025-12-16 11:20:34 [INFO] "eyJhbGciOiJIUzI1NiIsInR5cCI6IkpXVCJ9.eyJ1c2VySWQiOjEsImlhdCI6MTc2NTg1NTY1NSwiZXhwIjoxODUyMjU1NjU1fQ.52-eevD6_GD53S56JAJiHsPdpYfcQwizFz0CvJOcKI8"
2025-12-16 11:20:41 [INFO] "eyJhbGciOiJIUzI1NiIsInR5cCI6IkpXVCJ9.eyJ1c2VySWQiOjEsImlhdCI6MTc2NTg1NTY1NSwiZXhwIjoxODUyMjU1NjU1fQ.52-eevD6_GD53S56JAJiHsPdpYfcQwizFz0CvJOcKI8"
2025-12-16 11:20:43 [INFO] "eyJhbGciOiJIUzI1NiIsInR5cCI6IkpXVCJ9.eyJ1c2VySWQiOjEsImlhdCI6MTc2NTg1NTY1NSwiZXhwIjoxODUyMjU1NjU1fQ.52-eevD6_GD53S56JAJiHsPdpYfcQwizFz0CvJOcKI8"
2025-12-16 11:20:43 [INFO] "eyJhbGciOiJIUzI1NiIsInR5cCI6IkpXVCJ9.eyJ1c2VySWQiOjEsImlhdCI6MTc2NTg1NTY1NSwiZXhwIjoxODUyMjU1NjU1fQ.52-eevD6_GD53S56JAJiHsPdpYfcQwizFz0CvJOcKI8"
2025-12-16 11:20:43 [INFO] "eyJhbGciOiJIUzI1NiIsInR5cCI6IkpXVCJ9.eyJ1c2VySWQiOjEsImlhdCI6MTc2NTg1NTY1NSwiZXhwIjoxODUyMjU1NjU1fQ.52-eevD6_GD53S56JAJiHsPdpYfcQwizFz0CvJOcKI8"
2025-12-16 11:24:04 [INFO] "eyJhbGciOiJIUzI1NiIsInR5cCI6IkpXVCJ9.eyJ1c2VySWQiOjEsImlhdCI6MTc2NTg1NTY1NSwiZXhwIjoxODUyMjU1NjU1fQ.52-eevD6_GD53S56JAJiHsPdpYfcQwizFz0CvJOcKI8"
2025-12-16 11:24:04 [INFO] "eyJhbGciOiJIUzI1NiIsInR5cCI6IkpXVCJ9.eyJ1c2VySWQiOjEsImlhdCI6MTc2NTg1NTY1NSwiZXhwIjoxODUyMjU1NjU1fQ.52-eevD6_GD53S56JAJiHsPdpYfcQwizFz0CvJOcKI8"
2025-12-16 11:24:04 [INFO] "eyJhbGciOiJIUzI1NiIsInR5cCI6IkpXVCJ9.eyJ1c2VySWQiOjEsImlhdCI6MTc2NTg1NTY1NSwiZXhwIjoxODUyMjU1NjU1fQ.52-eevD6_GD53S56JAJiHsPdpYfcQwizFz0CvJOcKI8"
2025-12-16 11:25:53 [INFO] Server running in development mode at http://localhost:8000
2025-12-16 11:26:43 [INFO] Server running in development mode at http://localhost:8000
2025-12-16 11:27:20 [INFO] Server running in development mode at http://localhost:8000
2025-12-16 11:27:24 [INFO] Server running in development mode at http://localhost:8000
2025-12-16 11:29:17 [INFO] Server running in development mode at http://localhost:8000
2025-12-16 11:29:27 [INFO] Server running in development mode at http://localhost:8000
2025-12-16 11:29:43 [INFO] Server running in development mode at http://localhost:8000
2025-12-16 11:29:55 [INFO] Server running in development mode at http://localhost:8000
2025-12-16 11:32:40 [INFO] Server running in development mode at http://localhost:8000
2025-12-16 11:33:10 [INFO] Server running in development mode at http://localhost:8000
2025-12-16 11:33:33 [INFO] Server running in development mode at http://localhost:8000
2025-12-16 11:34:30 [INFO] Server running in development mode at http://localhost:8000
2025-12-16 11:35:47 [INFO] Server running in development mode at http://localhost:8000
2025-12-16 11:36:28 [INFO] Server running in development mode at http://localhost:8000
2025-12-16 11:36:53 [INFO] Server running in development mode at http://localhost:8000
2025-12-16 11:37:07 [INFO] Server running in development mode at http://localhost:8000
2025-12-16 11:37:17 [INFO] Server running in development mode at http://localhost:8000
2025-12-16 11:37:25 [INFO] Server running in development mode at http://localhost:8000
2025-12-16 11:37:41 [INFO] Server running in development mode at http://localhost:8000
2025-12-16 11:38:16 [INFO] Server running in development mode at http://localhost:8000
2025-12-16 11:38:21 [INFO] Server running in development mode at http://localhost:8000
2025-12-16 11:38:35 [INFO] Server running in development mode at http://localhost:8000
2025-12-16 11:39:18 [INFO] Server running in development mode at http://localhost:8000
2025-12-16 11:39:26 [INFO] Server running in development mode at http://localhost:8000
2025-12-16 11:40:29 [INFO] Server running in development mode at http://localhost:8000
2025-12-16 11:40:37 [INFO] Server running in development mode at http://localhost:8000
2025-12-16 11:41:11 [INFO] Server running in development mode at http://localhost:8000
2025-12-16 11:41:37 [INFO] Server running in development mode at http://localhost:8000
2025-12-16 11:41:46 [INFO] Server running in development mode at http://localhost:8000
2025-12-16 11:42:04 [INFO] Server running in development mode at http://localhost:8000
2025-12-16 11:42:08 [INFO] Server running in development mode at http://localhost:8000
2025-12-16 11:42:21 [INFO] Server running in development mode at http://localhost:8000
2025-12-16 11:42:27 [INFO] Server running in development mode at http://localhost:8000
2025-12-16 11:42:39 [INFO] Server running in development mode at http://localhost:8000
2025-12-16 11:42:58 [INFO] Server running in development mode at http://localhost:8000
2025-12-16 11:43:15 [INFO] Server running in development mode at http://localhost:8000
2025-12-16 11:43:32 [INFO] Server running in development mode at http://localhost:8000
2025-12-16 11:43:38 [INFO] Server running in development mode at http://localhost:8000
2025-12-16 11:43:41 [INFO] Server running in development mode at http://localhost:8000
2025-12-16 11:43:55 [INFO] Server running in development mode at http://localhost:8000
2025-12-16 11:44:05 [INFO] Server running in development mode at http://localhost:8000
2025-12-16 11:44:10 [INFO] Server running in development mode at http://localhost:8000
2025-12-16 11:44:20 [INFO] Server running in development mode at http://localhost:8000
2025-12-16 11:44:34 [INFO] Server running in development mode at http://localhost:8000
2025-12-16 11:44:38 [INFO] Server running in development mode at http://localhost:8000
2025-12-16 11:44:49 [INFO] Server running in development mode at http://localhost:8000
2025-12-16 11:44:55 [INFO] Server running in development mode at http://localhost:8000
2025-12-16 11:45:01 [INFO] Server running in development mode at http://localhost:8000
2025-12-16 12:02:43 [INFO] Server running in development mode at http://localhost:8000
2025-12-16 12:09:02 [INFO] Server running in development mode at http://localhost:8000
2025-12-16 12:09:10 [INFO] Server running in development mode at http://localhost:8000
2025-12-16 12:09:20 [INFO] Server running in development mode at http://localhost:8000
2025-12-16 12:09:27 [INFO] Server running in development mode at http://localhost:8000
2025-12-16 12:09:44 [INFO] Server running in development mode at http://localhost:8000
2025-12-16 12:10:00 [INFO] Server running in development mode at http://localhost:8000
2025-12-16 12:10:09 [INFO] Server running in development mode at http://localhost:8000
2025-12-16 12:13:01 [INFO] Server running in development mode at http://localhost:8000
2025-12-16 12:13:21 [INFO] Server running in development mode at http://localhost:8000
2025-12-16 12:13:30 [INFO] Server running in development mode at http://localhost:8000
2025-12-16 12:13:47 [INFO] Server running in development mode at http://localhost:8000
2025-12-16 12:13:51 [INFO] Server running in development mode at http://localhost:8000
2025-12-16 12:14:06 [INFO] Server running in development mode at http://localhost:8000
2025-12-16 12:14:13 [INFO] Server running in development mode at http://localhost:8000
2025-12-16 12:16:02 [INFO] "eyJhbGciOiJIUzI1NiIsInR5cCI6IkpXVCJ9.eyJ1c2VySWQiOjEsImlhdCI6MTc2NTg1NTY1NSwiZXhwIjoxODUyMjU1NjU1fQ.52-eevD6_GD53S56JAJiHsPdpYfcQwizFz0CvJOcKI8"
2025-12-16 12:16:04 [INFO] "eyJhbGciOiJIUzI1NiIsInR5cCI6IkpXVCJ9.eyJ1c2VySWQiOjEsImlhdCI6MTc2NTg1NTY1NSwiZXhwIjoxODUyMjU1NjU1fQ.52-eevD6_GD53S56JAJiHsPdpYfcQwizFz0CvJOcKI8"
2025-12-16 12:16:04 [INFO] "eyJhbGciOiJIUzI1NiIsInR5cCI6IkpXVCJ9.eyJ1c2VySWQiOjEsImlhdCI6MTc2NTg1NTY1NSwiZXhwIjoxODUyMjU1NjU1fQ.52-eevD6_GD53S56JAJiHsPdpYfcQwizFz0CvJOcKI8"
2025-12-16 12:16:04 [INFO] "eyJhbGciOiJIUzI1NiIsInR5cCI6IkpXVCJ9.eyJ1c2VySWQiOjEsImlhdCI6MTc2NTg1NTY1NSwiZXhwIjoxODUyMjU1NjU1fQ.52-eevD6_GD53S56JAJiHsPdpYfcQwizFz0CvJOcKI8"
2025-12-16 12:16:14 [INFO] "eyJhbGciOiJIUzI1NiIsInR5cCI6IkpXVCJ9.eyJ1c2VySWQiOjEsImlhdCI6MTc2NTg1NTY1NSwiZXhwIjoxODUyMjU1NjU1fQ.52-eevD6_GD53S56JAJiHsPdpYfcQwizFz0CvJOcKI8"
2025-12-16 12:16:14 [INFO] "eyJhbGciOiJIUzI1NiIsInR5cCI6IkpXVCJ9.eyJ1c2VySWQiOjEsImlhdCI6MTc2NTg1NTY1NSwiZXhwIjoxODUyMjU1NjU1fQ.52-eevD6_GD53S56JAJiHsPdpYfcQwizFz0CvJOcKI8"
2025-12-16 12:16:14 [INFO] "eyJhbGciOiJIUzI1NiIsInR5cCI6IkpXVCJ9.eyJ1c2VySWQiOjEsImlhdCI6MTc2NTg1NTY1NSwiZXhwIjoxODUyMjU1NjU1fQ.52-eevD6_GD53S56JAJiHsPdpYfcQwizFz0CvJOcKI8"
2025-12-16 12:20:13 [INFO] "eyJhbGciOiJIUzI1NiIsInR5cCI6IkpXVCJ9.eyJ1c2VySWQiOjEsImlhdCI6MTc2NTg1NTY1NSwiZXhwIjoxODUyMjU1NjU1fQ.52-eevD6_GD53S56JAJiHsPdpYfcQwizFz0CvJOcKI8"
2025-12-16 12:20:16 [INFO] "eyJhbGciOiJIUzI1NiIsInR5cCI6IkpXVCJ9.eyJ1c2VySWQiOjEsImlhdCI6MTc2NTg1NTY1NSwiZXhwIjoxODUyMjU1NjU1fQ.52-eevD6_GD53S56JAJiHsPdpYfcQwizFz0CvJOcKI8"
2025-12-16 12:20:16 [INFO] "eyJhbGciOiJIUzI1NiIsInR5cCI6IkpXVCJ9.eyJ1c2VySWQiOjEsImlhdCI6MTc2NTg1NTY1NSwiZXhwIjoxODUyMjU1NjU1fQ.52-eevD6_GD53S56JAJiHsPdpYfcQwizFz0CvJOcKI8"
2025-12-16 12:20:16 [INFO] "eyJhbGciOiJIUzI1NiIsInR5cCI6IkpXVCJ9.eyJ1c2VySWQiOjEsImlhdCI6MTc2NTg1NTY1NSwiZXhwIjoxODUyMjU1NjU1fQ.52-eevD6_GD53S56JAJiHsPdpYfcQwizFz0CvJOcKI8"
2025-12-16 12:20:45 [INFO] Server running in development mode at http://localhost:8000
2025-12-16 12:20:50 [INFO] Server running in development mode at http://localhost:8000
2025-12-16 12:21:29 [INFO] Server running in development mode at http://localhost:8000
2025-12-16 12:21:49 [INFO] Server running in development mode at http://localhost:8000
2025-12-16 12:22:58 [INFO] Server running in development mode at http://localhost:8000
2025-12-16 12:23:08 [INFO] Server running in development mode at http://localhost:8000
2025-12-16 12:23:58 [INFO] Server running in development mode at http://localhost:8000
2025-12-16 12:24:02 [INFO] Server running in development mode at http://localhost:8000
2025-12-16 12:24:18 [INFO] "eyJhbGciOiJIUzI1NiIsInR5cCI6IkpXVCJ9.eyJ1c2VySWQiOjEsImlhdCI6MTc2NTg1NTY1NSwiZXhwIjoxODUyMjU1NjU1fQ.52-eevD6_GD53S56JAJiHsPdpYfcQwizFz0CvJOcKI8"
2025-12-16 12:24:21 [INFO] "eyJhbGciOiJIUzI1NiIsInR5cCI6IkpXVCJ9.eyJ1c2VySWQiOjEsImlhdCI6MTc2NTg1NTY1NSwiZXhwIjoxODUyMjU1NjU1fQ.52-eevD6_GD53S56JAJiHsPdpYfcQwizFz0CvJOcKI8"
2025-12-16 12:24:21 [INFO] "eyJhbGciOiJIUzI1NiIsInR5cCI6IkpXVCJ9.eyJ1c2VySWQiOjEsImlhdCI6MTc2NTg1NTY1NSwiZXhwIjoxODUyMjU1NjU1fQ.52-eevD6_GD53S56JAJiHsPdpYfcQwizFz0CvJOcKI8"
2025-12-16 12:24:21 [INFO] "eyJhbGciOiJIUzI1NiIsInR5cCI6IkpXVCJ9.eyJ1c2VySWQiOjEsImlhdCI6MTc2NTg1NTY1NSwiZXhwIjoxODUyMjU1NjU1fQ.52-eevD6_GD53S56JAJiHsPdpYfcQwizFz0CvJOcKI8"
2025-12-16 12:24:26 [INFO] "eyJhbGciOiJIUzI1NiIsInR5cCI6IkpXVCJ9.eyJ1c2VySWQiOjEsImlhdCI6MTc2NTg1NTY1NSwiZXhwIjoxODUyMjU1NjU1fQ.52-eevD6_GD53S56JAJiHsPdpYfcQwizFz0CvJOcKI8"
2025-12-16 12:27:45 [INFO] Server running in development mode at http://localhost:8000
2025-12-16 12:27:59 [INFO] Server running in development mode at http://localhost:8000
2025-12-16 12:28:11 [INFO] Server running in development mode at http://localhost:8000
2025-12-16 12:28:24 [INFO] Server running in development mode at http://localhost:8000
2025-12-16 12:28:28 [INFO] Server running in development mode at http://localhost:8000
2025-12-16 12:28:44 [INFO] Server running in development mode at http://localhost:8000
2025-12-16 12:28:59 [INFO] Server running in development mode at http://localhost:8000
2025-12-16 12:29:05 [INFO] Server running in development mode at http://localhost:8000
2025-12-16 12:29:17 [INFO] Server running in development mode at http://localhost:8000
2025-12-16 12:29:24 [INFO] Server running in development mode at http://localhost:8000
2025-12-16 12:29:30 [INFO] Server running in development mode at http://localhost:8000
2025-12-16 12:29:51 [INFO] Server running in development mode at http://localhost:8000
2025-12-16 12:29:57 [INFO] Server running in development mode at http://localhost:8000
2025-12-16 12:30:06 [INFO] Server running in development mode at http://localhost:8000
2025-12-16 12:33:54 [INFO] "eyJhbGciOiJIUzI1NiIsInR5cCI6IkpXVCJ9.eyJ1c2VySWQiOjEsImlhdCI6MTc2NTg1NTY1NSwiZXhwIjoxODUyMjU1NjU1fQ.52-eevD6_GD53S56JAJiHsPdpYfcQwizFz0CvJOcKI8"
2025-12-16 12:33:55 [INFO] "eyJhbGciOiJIUzI1NiIsInR5cCI6IkpXVCJ9.eyJ1c2VySWQiOjEsImlhdCI6MTc2NTg1NTY1NSwiZXhwIjoxODUyMjU1NjU1fQ.52-eevD6_GD53S56JAJiHsPdpYfcQwizFz0CvJOcKI8"
2025-12-16 12:33:55 [INFO] "eyJhbGciOiJIUzI1NiIsInR5cCI6IkpXVCJ9.eyJ1c2VySWQiOjEsImlhdCI6MTc2NTg1NTY1NSwiZXhwIjoxODUyMjU1NjU1fQ.52-eevD6_GD53S56JAJiHsPdpYfcQwizFz0CvJOcKI8"
2025-12-16 12:35:40 [INFO] "eyJhbGciOiJIUzI1NiIsInR5cCI6IkpXVCJ9.eyJ1c2VySWQiOjEsImlhdCI6MTc2NTg1NTY1NSwiZXhwIjoxODUyMjU1NjU1fQ.52-eevD6_GD53S56JAJiHsPdpYfcQwizFz0CvJOcKI8"
2025-12-16 12:35:42 [INFO] "eyJhbGciOiJIUzI1NiIsInR5cCI6IkpXVCJ9.eyJ1c2VySWQiOjEsImlhdCI6MTc2NTg1NTY1NSwiZXhwIjoxODUyMjU1NjU1fQ.52-eevD6_GD53S56JAJiHsPdpYfcQwizFz0CvJOcKI8"
2025-12-16 12:35:42 [INFO] "eyJhbGciOiJIUzI1NiIsInR5cCI6IkpXVCJ9.eyJ1c2VySWQiOjEsImlhdCI6MTc2NTg1NTY1NSwiZXhwIjoxODUyMjU1NjU1fQ.52-eevD6_GD53S56JAJiHsPdpYfcQwizFz0CvJOcKI8"
2025-12-16 12:35:42 [INFO] "eyJhbGciOiJIUzI1NiIsInR5cCI6IkpXVCJ9.eyJ1c2VySWQiOjEsImlhdCI6MTc2NTg1NTY1NSwiZXhwIjoxODUyMjU1NjU1fQ.52-eevD6_GD53S56JAJiHsPdpYfcQwizFz0CvJOcKI8"
2025-12-16 12:35:46 [INFO] "eyJhbGciOiJIUzI1NiIsInR5cCI6IkpXVCJ9.eyJ1c2VySWQiOjEsImlhdCI6MTc2NTg1NTY1NSwiZXhwIjoxODUyMjU1NjU1fQ.52-eevD6_GD53S56JAJiHsPdpYfcQwizFz0CvJOcKI8"
2025-12-16 12:38:21 [INFO] "eyJhbGciOiJIUzI1NiIsInR5cCI6IkpXVCJ9.eyJ1c2VySWQiOjEsImlhdCI6MTc2NTg1NTY1NSwiZXhwIjoxODUyMjU1NjU1fQ.52-eevD6_GD53S56JAJiHsPdpYfcQwizFz0CvJOcKI8"
2025-12-16 12:38:21 [INFO] "eyJhbGciOiJIUzI1NiIsInR5cCI6IkpXVCJ9.eyJ1c2VySWQiOjEsImlhdCI6MTc2NTg1NTY1NSwiZXhwIjoxODUyMjU1NjU1fQ.52-eevD6_GD53S56JAJiHsPdpYfcQwizFz0CvJOcKI8"
2025-12-16 12:38:47 [INFO] "eyJhbGciOiJIUzI1NiIsInR5cCI6IkpXVCJ9.eyJ1c2VySWQiOjEsImlhdCI6MTc2NTg1NTY1NSwiZXhwIjoxODUyMjU1NjU1fQ.52-eevD6_GD53S56JAJiHsPdpYfcQwizFz0CvJOcKI8"
2025-12-16 12:38:47 [INFO] "eyJhbGciOiJIUzI1NiIsInR5cCI6IkpXVCJ9.eyJ1c2VySWQiOjEsImlhdCI6MTc2NTg1NTY1NSwiZXhwIjoxODUyMjU1NjU1fQ.52-eevD6_GD53S56JAJiHsPdpYfcQwizFz0CvJOcKI8"
2025-12-16 12:47:50 [INFO] "eyJhbGciOiJIUzI1NiIsInR5cCI6IkpXVCJ9.eyJ1c2VySWQiOjEsImlhdCI6MTc2NTg1NTY1NSwiZXhwIjoxODUyMjU1NjU1fQ.52-eevD6_GD53S56JAJiHsPdpYfcQwizFz0CvJOcKI8"
2025-12-16 12:47:55 [INFO] "eyJhbGciOiJIUzI1NiIsInR5cCI6IkpXVCJ9.eyJ1c2VySWQiOjEsImlhdCI6MTc2NTg1NTY1NSwiZXhwIjoxODUyMjU1NjU1fQ.52-eevD6_GD53S56JAJiHsPdpYfcQwizFz0CvJOcKI8"
2025-12-16 12:47:55 [INFO] "eyJhbGciOiJIUzI1NiIsInR5cCI6IkpXVCJ9.eyJ1c2VySWQiOjEsImlhdCI6MTc2NTg1NTY1NSwiZXhwIjoxODUyMjU1NjU1fQ.52-eevD6_GD53S56JAJiHsPdpYfcQwizFz0CvJOcKI8"
2025-12-16 12:47:55 [INFO] "eyJhbGciOiJIUzI1NiIsInR5cCI6IkpXVCJ9.eyJ1c2VySWQiOjEsImlhdCI6MTc2NTg1NTY1NSwiZXhwIjoxODUyMjU1NjU1fQ.52-eevD6_GD53S56JAJiHsPdpYfcQwizFz0CvJOcKI8"
2025-12-16 12:48:16 [INFO] "eyJhbGciOiJIUzI1NiIsInR5cCI6IkpXVCJ9.eyJ1c2VySWQiOjEsImlhdCI6MTc2NTg1NTY1NSwiZXhwIjoxODUyMjU1NjU1fQ.52-eevD6_GD53S56JAJiHsPdpYfcQwizFz0CvJOcKI8"
2025-12-16 12:48:42 [INFO] "eyJhbGciOiJIUzI1NiIsInR5cCI6IkpXVCJ9.eyJ1c2VySWQiOjEsImlhdCI6MTc2NTg1NTY1NSwiZXhwIjoxODUyMjU1NjU1fQ.52-eevD6_GD53S56JAJiHsPdpYfcQwizFz0CvJOcKI8"
2025-12-16 12:48:55 [INFO] "eyJhbGciOiJIUzI1NiIsInR5cCI6IkpXVCJ9.eyJ1c2VySWQiOjEsImlhdCI6MTc2NTg1NTY1NSwiZXhwIjoxODUyMjU1NjU1fQ.52-eevD6_GD53S56JAJiHsPdpYfcQwizFz0CvJOcKI8"
2025-12-16 12:48:55 [INFO] "eyJhbGciOiJIUzI1NiIsInR5cCI6IkpXVCJ9.eyJ1c2VySWQiOjEsImlhdCI6MTc2NTg1NTY1NSwiZXhwIjoxODUyMjU1NjU1fQ.52-eevD6_GD53S56JAJiHsPdpYfcQwizFz0CvJOcKI8"
2025-12-16 12:49:13 [INFO] "eyJhbGciOiJIUzI1NiIsInR5cCI6IkpXVCJ9.eyJ1c2VySWQiOjEsImlhdCI6MTc2NTg1NTY1NSwiZXhwIjoxODUyMjU1NjU1fQ.52-eevD6_GD53S56JAJiHsPdpYfcQwizFz0CvJOcKI8"
2025-12-16 12:49:16 [INFO] "eyJhbGciOiJIUzI1NiIsInR5cCI6IkpXVCJ9.eyJ1c2VySWQiOjEsImlhdCI6MTc2NTg1NTY1NSwiZXhwIjoxODUyMjU1NjU1fQ.52-eevD6_GD53S56JAJiHsPdpYfcQwizFz0CvJOcKI8"
2025-12-16 12:49:16 [INFO] "eyJhbGciOiJIUzI1NiIsInR5cCI6IkpXVCJ9.eyJ1c2VySWQiOjEsImlhdCI6MTc2NTg1NTY1NSwiZXhwIjoxODUyMjU1NjU1fQ.52-eevD6_GD53S56JAJiHsPdpYfcQwizFz0CvJOcKI8"
2025-12-16 12:49:17 [INFO] "eyJhbGciOiJIUzI1NiIsInR5cCI6IkpXVCJ9.eyJ1c2VySWQiOjEsImlhdCI6MTc2NTg1NTY1NSwiZXhwIjoxODUyMjU1NjU1fQ.52-eevD6_GD53S56JAJiHsPdpYfcQwizFz0CvJOcKI8"
2025-12-16 12:49:19 [INFO] "eyJhbGciOiJIUzI1NiIsInR5cCI6IkpXVCJ9.eyJ1c2VySWQiOjEsImlhdCI6MTc2NTg1NTY1NSwiZXhwIjoxODUyMjU1NjU1fQ.52-eevD6_GD53S56JAJiHsPdpYfcQwizFz0CvJOcKI8"
2025-12-16 12:49:19 [INFO] "eyJhbGciOiJIUzI1NiIsInR5cCI6IkpXVCJ9.eyJ1c2VySWQiOjEsImlhdCI6MTc2NTg1NTY1NSwiZXhwIjoxODUyMjU1NjU1fQ.52-eevD6_GD53S56JAJiHsPdpYfcQwizFz0CvJOcKI8"
2025-12-16 12:49:25 [INFO] "eyJhbGciOiJIUzI1NiIsInR5cCI6IkpXVCJ9.eyJ1c2VySWQiOjEsImlhdCI6MTc2NTg1NTY1NSwiZXhwIjoxODUyMjU1NjU1fQ.52-eevD6_GD53S56JAJiHsPdpYfcQwizFz0CvJOcKI8"
2025-12-16 12:49:25 [INFO] "eyJhbGciOiJIUzI1NiIsInR5cCI6IkpXVCJ9.eyJ1c2VySWQiOjEsImlhdCI6MTc2NTg1NTY1NSwiZXhwIjoxODUyMjU1NjU1fQ.52-eevD6_GD53S56JAJiHsPdpYfcQwizFz0CvJOcKI8"
2025-12-16 12:49:28 [INFO] "eyJhbGciOiJIUzI1NiIsInR5cCI6IkpXVCJ9.eyJ1c2VySWQiOjEsImlhdCI6MTc2NTg1NTY1NSwiZXhwIjoxODUyMjU1NjU1fQ.52-eevD6_GD53S56JAJiHsPdpYfcQwizFz0CvJOcKI8"
2025-12-16 12:49:31 [INFO] "eyJhbGciOiJIUzI1NiIsInR5cCI6IkpXVCJ9.eyJ1c2VySWQiOjEsImlhdCI6MTc2NTg1NTY1NSwiZXhwIjoxODUyMjU1NjU1fQ.52-eevD6_GD53S56JAJiHsPdpYfcQwizFz0CvJOcKI8"
2025-12-16 12:49:34 [INFO] "eyJhbGciOiJIUzI1NiIsInR5cCI6IkpXVCJ9.eyJ1c2VySWQiOjEsImlhdCI6MTc2NTg1NTY1NSwiZXhwIjoxODUyMjU1NjU1fQ.52-eevD6_GD53S56JAJiHsPdpYfcQwizFz0CvJOcKI8"
2025-12-16 12:49:34 [INFO] "eyJhbGciOiJIUzI1NiIsInR5cCI6IkpXVCJ9.eyJ1c2VySWQiOjEsImlhdCI6MTc2NTg1NTY1NSwiZXhwIjoxODUyMjU1NjU1fQ.52-eevD6_GD53S56JAJiHsPdpYfcQwizFz0CvJOcKI8"
2025-12-16 12:49:34 [INFO] "eyJhbGciOiJIUzI1NiIsInR5cCI6IkpXVCJ9.eyJ1c2VySWQiOjEsImlhdCI6MTc2NTg1NTY1NSwiZXhwIjoxODUyMjU1NjU1fQ.52-eevD6_GD53S56JAJiHsPdpYfcQwizFz0CvJOcKI8"
2025-12-16 12:49:36 [INFO] "eyJhbGciOiJIUzI1NiIsInR5cCI6IkpXVCJ9.eyJ1c2VySWQiOjEsImlhdCI6MTc2NTg1NTY1NSwiZXhwIjoxODUyMjU1NjU1fQ.52-eevD6_GD53S56JAJiHsPdpYfcQwizFz0CvJOcKI8"
2025-12-16 12:49:40 [INFO] "eyJhbGciOiJIUzI1NiIsInR5cCI6IkpXVCJ9.eyJ1c2VySWQiOjEsImlhdCI6MTc2NTg1NTY1NSwiZXhwIjoxODUyMjU1NjU1fQ.52-eevD6_GD53S56JAJiHsPdpYfcQwizFz0CvJOcKI8"
2025-12-16 12:49:45 [INFO] "eyJhbGciOiJIUzI1NiIsInR5cCI6IkpXVCJ9.eyJ1c2VySWQiOjEsImlhdCI6MTc2NTg1NTY1NSwiZXhwIjoxODUyMjU1NjU1fQ.52-eevD6_GD53S56JAJiHsPdpYfcQwizFz0CvJOcKI8"
2025-12-16 12:49:50 [INFO] "eyJhbGciOiJIUzI1NiIsInR5cCI6IkpXVCJ9.eyJ1c2VySWQiOjEsImlhdCI6MTc2NTg1NTY1NSwiZXhwIjoxODUyMjU1NjU1fQ.52-eevD6_GD53S56JAJiHsPdpYfcQwizFz0CvJOcKI8"
2025-12-16 12:49:53 [INFO] "eyJhbGciOiJIUzI1NiIsInR5cCI6IkpXVCJ9.eyJ1c2VySWQiOjEsImlhdCI6MTc2NTg1NTY1NSwiZXhwIjoxODUyMjU1NjU1fQ.52-eevD6_GD53S56JAJiHsPdpYfcQwizFz0CvJOcKI8"
2025-12-16 12:53:28 [INFO] "eyJhbGciOiJIUzI1NiIsInR5cCI6IkpXVCJ9.eyJ1c2VySWQiOjEsImlhdCI6MTc2NTg1NTY1NSwiZXhwIjoxODUyMjU1NjU1fQ.52-eevD6_GD53S56JAJiHsPdpYfcQwizFz0CvJOcKI8"
2025-12-16 12:53:48 [INFO] "eyJhbGciOiJIUzI1NiIsInR5cCI6IkpXVCJ9.eyJ1c2VySWQiOjEsImlhdCI6MTc2NTg1NTY1NSwiZXhwIjoxODUyMjU1NjU1fQ.52-eevD6_GD53S56JAJiHsPdpYfcQwizFz0CvJOcKI8"
2025-12-16 12:53:53 [INFO] "eyJhbGciOiJIUzI1NiIsInR5cCI6IkpXVCJ9.eyJ1c2VySWQiOjEsImlhdCI6MTc2NTg1NTY1NSwiZXhwIjoxODUyMjU1NjU1fQ.52-eevD6_GD53S56JAJiHsPdpYfcQwizFz0CvJOcKI8"
2025-12-16 12:57:29 [INFO] "eyJhbGciOiJIUzI1NiIsInR5cCI6IkpXVCJ9.eyJ1c2VySWQiOjEsImlhdCI6MTc2NTg1NTY1NSwiZXhwIjoxODUyMjU1NjU1fQ.52-eevD6_GD53S56JAJiHsPdpYfcQwizFz0CvJOcKI8"
2025-12-16 12:57:34 [INFO] "eyJhbGciOiJIUzI1NiIsInR5cCI6IkpXVCJ9.eyJ1c2VySWQiOjEsImlhdCI6MTc2NTg1NTY1NSwiZXhwIjoxODUyMjU1NjU1fQ.52-eevD6_GD53S56JAJiHsPdpYfcQwizFz0CvJOcKI8"
2025-12-16 12:57:37 [INFO] "eyJhbGciOiJIUzI1NiIsInR5cCI6IkpXVCJ9.eyJ1c2VySWQiOjEsImlhdCI6MTc2NTg1NTY1NSwiZXhwIjoxODUyMjU1NjU1fQ.52-eevD6_GD53S56JAJiHsPdpYfcQwizFz0CvJOcKI8"
2025-12-16 12:57:55 [INFO] "eyJhbGciOiJIUzI1NiIsInR5cCI6IkpXVCJ9.eyJ1c2VySWQiOjEsImlhdCI6MTc2NTg1NTY1NSwiZXhwIjoxODUyMjU1NjU1fQ.52-eevD6_GD53S56JAJiHsPdpYfcQwizFz0CvJOcKI8"
2025-12-16 12:58:00 [INFO] "eyJhbGciOiJIUzI1NiIsInR5cCI6IkpXVCJ9.eyJ1c2VySWQiOjEsImlhdCI6MTc2NTg1NTY1NSwiZXhwIjoxODUyMjU1NjU1fQ.52-eevD6_GD53S56JAJiHsPdpYfcQwizFz0CvJOcKI8"
2025-12-16 12:58:00 [INFO] "eyJhbGciOiJIUzI1NiIsInR5cCI6IkpXVCJ9.eyJ1c2VySWQiOjEsImlhdCI6MTc2NTg1NTY1NSwiZXhwIjoxODUyMjU1NjU1fQ.52-eevD6_GD53S56JAJiHsPdpYfcQwizFz0CvJOcKI8"
2025-12-16 12:58:36 [INFO] "eyJhbGciOiJIUzI1NiIsInR5cCI6IkpXVCJ9.eyJ1c2VySWQiOjEsImlhdCI6MTc2NTg1NTY1NSwiZXhwIjoxODUyMjU1NjU1fQ.52-eevD6_GD53S56JAJiHsPdpYfcQwizFz0CvJOcKI8"
2025-12-16 12:58:36 [INFO] "eyJhbGciOiJIUzI1NiIsInR5cCI6IkpXVCJ9.eyJ1c2VySWQiOjEsImlhdCI6MTc2NTg1NTY1NSwiZXhwIjoxODUyMjU1NjU1fQ.52-eevD6_GD53S56JAJiHsPdpYfcQwizFz0CvJOcKI8"
2025-12-16 12:59:05 [INFO] "eyJhbGciOiJIUzI1NiIsInR5cCI6IkpXVCJ9.eyJ1c2VySWQiOjEsImlhdCI6MTc2NTg1NTY1NSwiZXhwIjoxODUyMjU1NjU1fQ.52-eevD6_GD53S56JAJiHsPdpYfcQwizFz0CvJOcKI8"
2025-12-16 12:59:05 [INFO] "eyJhbGciOiJIUzI1NiIsInR5cCI6IkpXVCJ9.eyJ1c2VySWQiOjEsImlhdCI6MTc2NTg1NTY1NSwiZXhwIjoxODUyMjU1NjU1fQ.52-eevD6_GD53S56JAJiHsPdpYfcQwizFz0CvJOcKI8"
2025-12-16 12:59:14 [INFO] "eyJhbGciOiJIUzI1NiIsInR5cCI6IkpXVCJ9.eyJ1c2VySWQiOjEsImlhdCI6MTc2NTg1NTY1NSwiZXhwIjoxODUyMjU1NjU1fQ.52-eevD6_GD53S56JAJiHsPdpYfcQwizFz0CvJOcKI8"
2025-12-16 12:59:41 [INFO] "eyJhbGciOiJIUzI1NiIsInR5cCI6IkpXVCJ9.eyJ1c2VySWQiOjEsImlhdCI6MTc2NTg1NTY1NSwiZXhwIjoxODUyMjU1NjU1fQ.52-eevD6_GD53S56JAJiHsPdpYfcQwizFz0CvJOcKI8"
2025-12-16 12:59:41 [INFO] "eyJhbGciOiJIUzI1NiIsInR5cCI6IkpXVCJ9.eyJ1c2VySWQiOjEsImlhdCI6MTc2NTg1NTY1NSwiZXhwIjoxODUyMjU1NjU1fQ.52-eevD6_GD53S56JAJiHsPdpYfcQwizFz0CvJOcKI8"
2025-12-16 12:59:43 [INFO] "eyJhbGciOiJIUzI1NiIsInR5cCI6IkpXVCJ9.eyJ1c2VySWQiOjEsImlhdCI6MTc2NTg1NTY1NSwiZXhwIjoxODUyMjU1NjU1fQ.52-eevD6_GD53S56JAJiHsPdpYfcQwizFz0CvJOcKI8"
2025-12-16 12:59:46 [INFO] "eyJhbGciOiJIUzI1NiIsInR5cCI6IkpXVCJ9.eyJ1c2VySWQiOjEsImlhdCI6MTc2NTg1NTY1NSwiZXhwIjoxODUyMjU1NjU1fQ.52-eevD6_GD53S56JAJiHsPdpYfcQwizFz0CvJOcKI8"
2025-12-16 12:59:59 [INFO] "eyJhbGciOiJIUzI1NiIsInR5cCI6IkpXVCJ9.eyJ1c2VySWQiOjEsImlhdCI6MTc2NTg1NTY1NSwiZXhwIjoxODUyMjU1NjU1fQ.52-eevD6_GD53S56JAJiHsPdpYfcQwizFz0CvJOcKI8"
2025-12-16 13:00:17 [INFO] "eyJhbGciOiJIUzI1NiIsInR5cCI6IkpXVCJ9.eyJ1c2VySWQiOjEsImlhdCI6MTc2NTg1NTY1NSwiZXhwIjoxODUyMjU1NjU1fQ.52-eevD6_GD53S56JAJiHsPdpYfcQwizFz0CvJOcKI8"
2025-12-16 13:00:17 [INFO] "eyJhbGciOiJIUzI1NiIsInR5cCI6IkpXVCJ9.eyJ1c2VySWQiOjEsImlhdCI6MTc2NTg1NTY1NSwiZXhwIjoxODUyMjU1NjU1fQ.52-eevD6_GD53S56JAJiHsPdpYfcQwizFz0CvJOcKI8"
2025-12-16 13:00:22 [INFO] "eyJhbGciOiJIUzI1NiIsInR5cCI6IkpXVCJ9.eyJ1c2VySWQiOjEsImlhdCI6MTc2NTg1NTY1NSwiZXhwIjoxODUyMjU1NjU1fQ.52-eevD6_GD53S56JAJiHsPdpYfcQwizFz0CvJOcKI8"
2025-12-16 13:00:22 [ERROR] [deleteProductByIdRepo] Failed to delete product id 17 
Invalid `prisma.product.delete()` invocation in
/home/luong/Downloads/WebsiteLookBookBanQuanAoExpressjsNextjs/backend/src/features/products/delete-product-by-id/repo.ts:28:26

  25 await prisma.productImage.deleteMany({
  26   where: { productId },
  27 });
→ 28 await prisma.product.delete(
Foreign key constraint violated on the foreign key
PrismaClientKnownRequestError: 
Invalid `prisma.product.delete()` invocation in
/home/luong/Downloads/WebsiteLookBookBanQuanAoExpressjsNextjs/backend/src/features/products/delete-product-by-id/repo.ts:28:26

  25 await prisma.productImage.deleteMany({
  26   where: { productId },
  27 });
→ 28 await prisma.product.delete(
Foreign key constraint violated on the foreign key
    at ei.handleRequestError (/home/luong/Downloads/WebsiteLookBookBanQuanAoExpressjsNextjs/backend/src/generated/prisma/runtime/library.js:125:7268)
    at ei.handleAndLogRequestError (/home/luong/Downloads/WebsiteLookBookBanQuanAoExpressjsNextjs/backend/src/generated/prisma/runtime/library.js:125:6593)
    at ei.request (/home/luong/Downloads/WebsiteLookBookBanQuanAoExpressjsNextjs/backend/src/generated/prisma/runtime/library.js:125:6300)
    at async a (/home/luong/Downloads/WebsiteLookBookBanQuanAoExpressjsNextjs/backend/src/generated/prisma/runtime/library.js:134:9551)
    at async deleteProductByIdRepo (/home/luong/Downloads/WebsiteLookBookBanQuanAoExpressjsNextjs/backend/src/features/products/delete-product-by-id/repo.ts:28:5)
    at async deleteProductByIdService (/home/luong/Downloads/WebsiteLookBookBanQuanAoExpressjsNextjs/backend/src/features/products/delete-product-by-id/service.ts:34:5)
    at async deleteProductByIdHandler (/home/luong/Downloads/WebsiteLookBookBanQuanAoExpressjsNextjs/backend/src/features/products/delete-product-by-id/handler.ts:9:3)
2025-12-16 13:00:22 [INFO] "eyJhbGciOiJIUzI1NiIsInR5cCI6IkpXVCJ9.eyJ1c2VySWQiOjEsImlhdCI6MTc2NTg1NTY1NSwiZXhwIjoxODUyMjU1NjU1fQ.52-eevD6_GD53S56JAJiHsPdpYfcQwizFz0CvJOcKI8"
2025-12-16 13:00:24 [INFO] "eyJhbGciOiJIUzI1NiIsInR5cCI6IkpXVCJ9.eyJ1c2VySWQiOjEsImlhdCI6MTc2NTg1NTY1NSwiZXhwIjoxODUyMjU1NjU1fQ.52-eevD6_GD53S56JAJiHsPdpYfcQwizFz0CvJOcKI8"
2025-12-16 13:00:32 [INFO] "eyJhbGciOiJIUzI1NiIsInR5cCI6IkpXVCJ9.eyJ1c2VySWQiOjEsImlhdCI6MTc2NTg1NTY1NSwiZXhwIjoxODUyMjU1NjU1fQ.52-eevD6_GD53S56JAJiHsPdpYfcQwizFz0CvJOcKI8"
2025-12-16 13:00:32 [INFO] "eyJhbGciOiJIUzI1NiIsInR5cCI6IkpXVCJ9.eyJ1c2VySWQiOjEsImlhdCI6MTc2NTg1NTY1NSwiZXhwIjoxODUyMjU1NjU1fQ.52-eevD6_GD53S56JAJiHsPdpYfcQwizFz0CvJOcKI8"
2025-12-16 13:00:44 [INFO] "eyJhbGciOiJIUzI1NiIsInR5cCI6IkpXVCJ9.eyJ1c2VySWQiOjEsImlhdCI6MTc2NTg1NTY1NSwiZXhwIjoxODUyMjU1NjU1fQ.52-eevD6_GD53S56JAJiHsPdpYfcQwizFz0CvJOcKI8"
2025-12-16 13:00:44 [INFO] "eyJhbGciOiJIUzI1NiIsInR5cCI6IkpXVCJ9.eyJ1c2VySWQiOjEsImlhdCI6MTc2NTg1NTY1NSwiZXhwIjoxODUyMjU1NjU1fQ.52-eevD6_GD53S56JAJiHsPdpYfcQwizFz0CvJOcKI8"
2025-12-16 13:01:24 [INFO] "eyJhbGciOiJIUzI1NiIsInR5cCI6IkpXVCJ9.eyJ1c2VySWQiOjEsImlhdCI6MTc2NTg1NTY1NSwiZXhwIjoxODUyMjU1NjU1fQ.52-eevD6_GD53S56JAJiHsPdpYfcQwizFz0CvJOcKI8"
2025-12-16 13:01:28 [INFO] "eyJhbGciOiJIUzI1NiIsInR5cCI6IkpXVCJ9.eyJ1c2VySWQiOjEsImlhdCI6MTc2NTg1NTY1NSwiZXhwIjoxODUyMjU1NjU1fQ.52-eevD6_GD53S56JAJiHsPdpYfcQwizFz0CvJOcKI8"
2025-12-16 13:01:48 [INFO] "eyJhbGciOiJIUzI1NiIsInR5cCI6IkpXVCJ9.eyJ1c2VySWQiOjEsImlhdCI6MTc2NTg1NTY1NSwiZXhwIjoxODUyMjU1NjU1fQ.52-eevD6_GD53S56JAJiHsPdpYfcQwizFz0CvJOcKI8"
2025-12-16 13:01:50 [INFO] "eyJhbGciOiJIUzI1NiIsInR5cCI6IkpXVCJ9.eyJ1c2VySWQiOjEsImlhdCI6MTc2NTg1NTY1NSwiZXhwIjoxODUyMjU1NjU1fQ.52-eevD6_GD53S56JAJiHsPdpYfcQwizFz0CvJOcKI8"
2025-12-16 13:01:51 [INFO] "eyJhbGciOiJIUzI1NiIsInR5cCI6IkpXVCJ9.eyJ1c2VySWQiOjEsImlhdCI6MTc2NTg1NTY1NSwiZXhwIjoxODUyMjU1NjU1fQ.52-eevD6_GD53S56JAJiHsPdpYfcQwizFz0CvJOcKI8"
2025-12-16 13:01:52 [INFO] "eyJhbGciOiJIUzI1NiIsInR5cCI6IkpXVCJ9.eyJ1c2VySWQiOjEsImlhdCI6MTc2NTg1NTY1NSwiZXhwIjoxODUyMjU1NjU1fQ.52-eevD6_GD53S56JAJiHsPdpYfcQwizFz0CvJOcKI8"
2025-12-16 13:01:54 [INFO] "eyJhbGciOiJIUzI1NiIsInR5cCI6IkpXVCJ9.eyJ1c2VySWQiOjEsImlhdCI6MTc2NTg1NTY1NSwiZXhwIjoxODUyMjU1NjU1fQ.52-eevD6_GD53S56JAJiHsPdpYfcQwizFz0CvJOcKI8"
2025-12-16 13:01:58 [INFO] "eyJhbGciOiJIUzI1NiIsInR5cCI6IkpXVCJ9.eyJ1c2VySWQiOjEsImlhdCI6MTc2NTg1NTY1NSwiZXhwIjoxODUyMjU1NjU1fQ.52-eevD6_GD53S56JAJiHsPdpYfcQwizFz0CvJOcKI8"
2025-12-16 13:02:01 [INFO] "eyJhbGciOiJIUzI1NiIsInR5cCI6IkpXVCJ9.eyJ1c2VySWQiOjEsImlhdCI6MTc2NTg1NTY1NSwiZXhwIjoxODUyMjU1NjU1fQ.52-eevD6_GD53S56JAJiHsPdpYfcQwizFz0CvJOcKI8"
2025-12-16 13:02:01 [ERROR] [deleteProductByIdRepo] Failed to delete product id 17 
Invalid `prisma.product.delete()` invocation in
/home/luong/Downloads/WebsiteLookBookBanQuanAoExpressjsNextjs/backend/src/features/products/delete-product-by-id/repo.ts:28:26

  25 await prisma.productImage.deleteMany({
  26   where: { productId },
  27 });
→ 28 await prisma.product.delete(
Foreign key constraint violated on the foreign key
PrismaClientKnownRequestError: 
Invalid `prisma.product.delete()` invocation in
/home/luong/Downloads/WebsiteLookBookBanQuanAoExpressjsNextjs/backend/src/features/products/delete-product-by-id/repo.ts:28:26

  25 await prisma.productImage.deleteMany({
  26   where: { productId },
  27 });
→ 28 await prisma.product.delete(
Foreign key constraint violated on the foreign key
    at ei.handleRequestError (/home/luong/Downloads/WebsiteLookBookBanQuanAoExpressjsNextjs/backend/src/generated/prisma/runtime/library.js:125:7268)
    at ei.handleAndLogRequestError (/home/luong/Downloads/WebsiteLookBookBanQuanAoExpressjsNextjs/backend/src/generated/prisma/runtime/library.js:125:6593)
    at ei.request (/home/luong/Downloads/WebsiteLookBookBanQuanAoExpressjsNextjs/backend/src/generated/prisma/runtime/library.js:125:6300)
    at async a (/home/luong/Downloads/WebsiteLookBookBanQuanAoExpressjsNextjs/backend/src/generated/prisma/runtime/library.js:134:9551)
    at async deleteProductByIdRepo (/home/luong/Downloads/WebsiteLookBookBanQuanAoExpressjsNextjs/backend/src/features/products/delete-product-by-id/repo.ts:28:5)
    at async deleteProductByIdService (/home/luong/Downloads/WebsiteLookBookBanQuanAoExpressjsNextjs/backend/src/features/products/delete-product-by-id/service.ts:34:5)
    at async deleteProductByIdHandler (/home/luong/Downloads/WebsiteLookBookBanQuanAoExpressjsNextjs/backend/src/features/products/delete-product-by-id/handler.ts:9:3)
2025-12-16 13:02:01 [INFO] "eyJhbGciOiJIUzI1NiIsInR5cCI6IkpXVCJ9.eyJ1c2VySWQiOjEsImlhdCI6MTc2NTg1NTY1NSwiZXhwIjoxODUyMjU1NjU1fQ.52-eevD6_GD53S56JAJiHsPdpYfcQwizFz0CvJOcKI8"
2025-12-16 13:03:28 [INFO] "eyJhbGciOiJIUzI1NiIsInR5cCI6IkpXVCJ9.eyJ1c2VySWQiOjEsImlhdCI6MTc2NTg1NTY1NSwiZXhwIjoxODUyMjU1NjU1fQ.52-eevD6_GD53S56JAJiHsPdpYfcQwizFz0CvJOcKI8"
2025-12-16 13:04:22 [INFO] Server running in development mode at http://localhost:8000
2025-12-16 13:04:40 [INFO] "eyJhbGciOiJIUzI1NiIsInR5cCI6IkpXVCJ9.eyJ1c2VySWQiOjEsImlhdCI6MTc2NTg1NTY1NSwiZXhwIjoxODUyMjU1NjU1fQ.52-eevD6_GD53S56JAJiHsPdpYfcQwizFz0CvJOcKI8"
2025-12-16 13:04:43 [INFO] "eyJhbGciOiJIUzI1NiIsInR5cCI6IkpXVCJ9.eyJ1c2VySWQiOjEsImlhdCI6MTc2NTg1NTY1NSwiZXhwIjoxODUyMjU1NjU1fQ.52-eevD6_GD53S56JAJiHsPdpYfcQwizFz0CvJOcKI8"
2025-12-16 13:04:43 [ERROR] [deleteProductByIdRepo] Failed to delete product id 17 
Invalid `prisma.product.delete()` invocation in
/home/luong/Downloads/WebsiteLookBookBanQuanAoExpressjsNextjs/backend/src/features/products/delete-product-by-id/repo.ts:28:26

  25 await prisma.productImage.deleteMany({
  26   where: { productId },
  27 });
→ 28 await prisma.product.delete(
Foreign key constraint violated on the foreign key
PrismaClientKnownRequestError: 
Invalid `prisma.product.delete()` invocation in
/home/luong/Downloads/WebsiteLookBookBanQuanAoExpressjsNextjs/backend/src/features/products/delete-product-by-id/repo.ts:28:26

  25 await prisma.productImage.deleteMany({
  26   where: { productId },
  27 });
→ 28 await prisma.product.delete(
Foreign key constraint violated on the foreign key
    at ei.handleRequestError (/home/luong/Downloads/WebsiteLookBookBanQuanAoExpressjsNextjs/backend/src/generated/prisma/runtime/library.js:125:7268)
    at ei.handleAndLogRequestError (/home/luong/Downloads/WebsiteLookBookBanQuanAoExpressjsNextjs/backend/src/generated/prisma/runtime/library.js:125:6593)
    at ei.request (/home/luong/Downloads/WebsiteLookBookBanQuanAoExpressjsNextjs/backend/src/generated/prisma/runtime/library.js:125:6300)
    at async a (/home/luong/Downloads/WebsiteLookBookBanQuanAoExpressjsNextjs/backend/src/generated/prisma/runtime/library.js:134:9551)
    at async deleteProductByIdRepo (/home/luong/Downloads/WebsiteLookBookBanQuanAoExpressjsNextjs/backend/src/features/products/delete-product-by-id/repo.ts:28:5)
    at async deleteProductByIdService (/home/luong/Downloads/WebsiteLookBookBanQuanAoExpressjsNextjs/backend/src/features/products/delete-product-by-id/service.ts:34:5)
    at async deleteProductByIdHandler (/home/luong/Downloads/WebsiteLookBookBanQuanAoExpressjsNextjs/backend/src/features/products/delete-product-by-id/handler.ts:9:3)
2025-12-16 13:04:43 [INFO] "eyJhbGciOiJIUzI1NiIsInR5cCI6IkpXVCJ9.eyJ1c2VySWQiOjEsImlhdCI6MTc2NTg1NTY1NSwiZXhwIjoxODUyMjU1NjU1fQ.52-eevD6_GD53S56JAJiHsPdpYfcQwizFz0CvJOcKI8"
2025-12-16 13:06:19 [INFO] "eyJhbGciOiJIUzI1NiIsInR5cCI6IkpXVCJ9.eyJ1c2VySWQiOjEsImlhdCI6MTc2NTg1NTY1NSwiZXhwIjoxODUyMjU1NjU1fQ.52-eevD6_GD53S56JAJiHsPdpYfcQwizFz0CvJOcKI8"
2025-12-16 13:06:21 [INFO] "eyJhbGciOiJIUzI1NiIsInR5cCI6IkpXVCJ9.eyJ1c2VySWQiOjEsImlhdCI6MTc2NTg1NTY1NSwiZXhwIjoxODUyMjU1NjU1fQ.52-eevD6_GD53S56JAJiHsPdpYfcQwizFz0CvJOcKI8"
2025-12-16 13:06:21 [INFO] "eyJhbGciOiJIUzI1NiIsInR5cCI6IkpXVCJ9.eyJ1c2VySWQiOjEsImlhdCI6MTc2NTg1NTY1NSwiZXhwIjoxODUyMjU1NjU1fQ.52-eevD6_GD53S56JAJiHsPdpYfcQwizFz0CvJOcKI8"
2025-12-16 13:06:23 [INFO] "eyJhbGciOiJIUzI1NiIsInR5cCI6IkpXVCJ9.eyJ1c2VySWQiOjEsImlhdCI6MTc2NTg1NTY1NSwiZXhwIjoxODUyMjU1NjU1fQ.52-eevD6_GD53S56JAJiHsPdpYfcQwizFz0CvJOcKI8"
2025-12-16 13:06:23 [INFO] "eyJhbGciOiJIUzI1NiIsInR5cCI6IkpXVCJ9.eyJ1c2VySWQiOjEsImlhdCI6MTc2NTg1NTY1NSwiZXhwIjoxODUyMjU1NjU1fQ.52-eevD6_GD53S56JAJiHsPdpYfcQwizFz0CvJOcKI8"
2025-12-16 13:06:25 [INFO] "eyJhbGciOiJIUzI1NiIsInR5cCI6IkpXVCJ9.eyJ1c2VySWQiOjEsImlhdCI6MTc2NTg1NTY1NSwiZXhwIjoxODUyMjU1NjU1fQ.52-eevD6_GD53S56JAJiHsPdpYfcQwizFz0CvJOcKI8"
2025-12-16 13:06:31 [INFO] "eyJhbGciOiJIUzI1NiIsInR5cCI6IkpXVCJ9.eyJ1c2VySWQiOjEsImlhdCI6MTc2NTg1NTY1NSwiZXhwIjoxODUyMjU1NjU1fQ.52-eevD6_GD53S56JAJiHsPdpYfcQwizFz0CvJOcKI8"
2025-12-16 13:06:31 [INFO] "eyJhbGciOiJIUzI1NiIsInR5cCI6IkpXVCJ9.eyJ1c2VySWQiOjEsImlhdCI6MTc2NTg1NTY1NSwiZXhwIjoxODUyMjU1NjU1fQ.52-eevD6_GD53S56JAJiHsPdpYfcQwizFz0CvJOcKI8"
2025-12-16 13:08:26 [INFO] Server running in development mode at http://localhost:8000
2025-12-16 13:08:28 [INFO] "eyJhbGciOiJIUzI1NiIsInR5cCI6IkpXVCJ9.eyJ1c2VySWQiOjEsImlhdCI6MTc2NTg1NTY1NSwiZXhwIjoxODUyMjU1NjU1fQ.52-eevD6_GD53S56JAJiHsPdpYfcQwizFz0CvJOcKI8"
2025-12-16 13:08:30 [INFO] "eyJhbGciOiJIUzI1NiIsInR5cCI6IkpXVCJ9.eyJ1c2VySWQiOjEsImlhdCI6MTc2NTg1NTY1NSwiZXhwIjoxODUyMjU1NjU1fQ.52-eevD6_GD53S56JAJiHsPdpYfcQwizFz0CvJOcKI8"
2025-12-16 13:08:34 [INFO] "eyJhbGciOiJIUzI1NiIsInR5cCI6IkpXVCJ9.eyJ1c2VySWQiOjEsImlhdCI6MTc2NTg1NTY1NSwiZXhwIjoxODUyMjU1NjU1fQ.52-eevD6_GD53S56JAJiHsPdpYfcQwizFz0CvJOcKI8"
2025-12-16 13:08:34 [INFO] "eyJhbGciOiJIUzI1NiIsInR5cCI6IkpXVCJ9.eyJ1c2VySWQiOjEsImlhdCI6MTc2NTg1NTY1NSwiZXhwIjoxODUyMjU1NjU1fQ.52-eevD6_GD53S56JAJiHsPdpYfcQwizFz0CvJOcKI8"
2025-12-16 13:08:34 [INFO] "eyJhbGciOiJIUzI1NiIsInR5cCI6IkpXVCJ9.eyJ1c2VySWQiOjEsImlhdCI6MTc2NTg1NTY1NSwiZXhwIjoxODUyMjU1NjU1fQ.52-eevD6_GD53S56JAJiHsPdpYfcQwizFz0CvJOcKI8"
2025-12-16 13:08:34 [INFO] "eyJhbGciOiJIUzI1NiIsInR5cCI6IkpXVCJ9.eyJ1c2VySWQiOjEsImlhdCI6MTc2NTg1NTY1NSwiZXhwIjoxODUyMjU1NjU1fQ.52-eevD6_GD53S56JAJiHsPdpYfcQwizFz0CvJOcKI8"
2025-12-16 13:08:39 [INFO] "eyJhbGciOiJIUzI1NiIsInR5cCI6IkpXVCJ9.eyJ1c2VySWQiOjEsImlhdCI6MTc2NTg1NTY1NSwiZXhwIjoxODUyMjU1NjU1fQ.52-eevD6_GD53S56JAJiHsPdpYfcQwizFz0CvJOcKI8"
2025-12-16 13:08:39 [INFO] "eyJhbGciOiJIUzI1NiIsInR5cCI6IkpXVCJ9.eyJ1c2VySWQiOjEsImlhdCI6MTc2NTg1NTY1NSwiZXhwIjoxODUyMjU1NjU1fQ.52-eevD6_GD53S56JAJiHsPdpYfcQwizFz0CvJOcKI8"
2025-12-16 13:08:39 [INFO] "eyJhbGciOiJIUzI1NiIsInR5cCI6IkpXVCJ9.eyJ1c2VySWQiOjEsImlhdCI6MTc2NTg1NTY1NSwiZXhwIjoxODUyMjU1NjU1fQ.52-eevD6_GD53S56JAJiHsPdpYfcQwizFz0CvJOcKI8"
2025-12-16 13:08:39 [INFO] "eyJhbGciOiJIUzI1NiIsInR5cCI6IkpXVCJ9.eyJ1c2VySWQiOjEsImlhdCI6MTc2NTg1NTY1NSwiZXhwIjoxODUyMjU1NjU1fQ.52-eevD6_GD53S56JAJiHsPdpYfcQwizFz0CvJOcKI8"
2025-12-16 13:08:43 [INFO] "eyJhbGciOiJIUzI1NiIsInR5cCI6IkpXVCJ9.eyJ1c2VySWQiOjEsImlhdCI6MTc2NTg1NTY1NSwiZXhwIjoxODUyMjU1NjU1fQ.52-eevD6_GD53S56JAJiHsPdpYfcQwizFz0CvJOcKI8"
2025-12-16 13:08:43 [INFO] "eyJhbGciOiJIUzI1NiIsInR5cCI6IkpXVCJ9.eyJ1c2VySWQiOjEsImlhdCI6MTc2NTg1NTY1NSwiZXhwIjoxODUyMjU1NjU1fQ.52-eevD6_GD53S56JAJiHsPdpYfcQwizFz0CvJOcKI8"
2025-12-16 13:08:43 [INFO] "eyJhbGciOiJIUzI1NiIsInR5cCI6IkpXVCJ9.eyJ1c2VySWQiOjEsImlhdCI6MTc2NTg1NTY1NSwiZXhwIjoxODUyMjU1NjU1fQ.52-eevD6_GD53S56JAJiHsPdpYfcQwizFz0CvJOcKI8"
2025-12-16 13:08:43 [INFO] "eyJhbGciOiJIUzI1NiIsInR5cCI6IkpXVCJ9.eyJ1c2VySWQiOjEsImlhdCI6MTc2NTg1NTY1NSwiZXhwIjoxODUyMjU1NjU1fQ.52-eevD6_GD53S56JAJiHsPdpYfcQwizFz0CvJOcKI8"
2025-12-16 13:08:52 [INFO] "eyJhbGciOiJIUzI1NiIsInR5cCI6IkpXVCJ9.eyJ1c2VySWQiOjEsImlhdCI6MTc2NTg1NTY1NSwiZXhwIjoxODUyMjU1NjU1fQ.52-eevD6_GD53S56JAJiHsPdpYfcQwizFz0CvJOcKI8"
2025-12-16 13:09:34 [INFO] undefined
2025-12-16 13:11:35 [INFO] undefined
2025-12-16 13:11:36 [INFO] undefined
2025-12-16 13:11:59 [INFO] undefined
2025-12-16 13:12:03 [INFO] undefined
2025-12-16 13:12:04 [INFO] undefined
2025-12-16 13:12:04 [INFO] undefined
2025-12-16 13:12:40 [INFO] undefined
2025-12-16 13:12:54 [INFO] "eyJhbGciOiJIUzI1NiIsInR5cCI6IkpXVCJ9.eyJ1c2VySWQiOjEsImlhdCI6MTc2NTg2NTU2MSwiZXhwIjoxODUyMjY1NTYxfQ.GV3kL_KZrhQtFHEIJ79_8YuF9Y9GxVNiXTodp6muRQI"
2025-12-16 13:12:56 [INFO] "eyJhbGciOiJIUzI1NiIsInR5cCI6IkpXVCJ9.eyJ1c2VySWQiOjEsImlhdCI6MTc2NTg2NTU2MSwiZXhwIjoxODUyMjY1NTYxfQ.GV3kL_KZrhQtFHEIJ79_8YuF9Y9GxVNiXTodp6muRQI"
2025-12-16 13:12:56 [INFO] "eyJhbGciOiJIUzI1NiIsInR5cCI6IkpXVCJ9.eyJ1c2VySWQiOjEsImlhdCI6MTc2NTg2NTU2MSwiZXhwIjoxODUyMjY1NTYxfQ.GV3kL_KZrhQtFHEIJ79_8YuF9Y9GxVNiXTodp6muRQI"
2025-12-16 13:12:56 [INFO] "eyJhbGciOiJIUzI1NiIsInR5cCI6IkpXVCJ9.eyJ1c2VySWQiOjEsImlhdCI6MTc2NTg2NTU2MSwiZXhwIjoxODUyMjY1NTYxfQ.GV3kL_KZrhQtFHEIJ79_8YuF9Y9GxVNiXTodp6muRQI"
2025-12-16 13:13:04 [INFO] "eyJhbGciOiJIUzI1NiIsInR5cCI6IkpXVCJ9.eyJ1c2VySWQiOjEsImlhdCI6MTc2NTg2NTU2MSwiZXhwIjoxODUyMjY1NTYxfQ.GV3kL_KZrhQtFHEIJ79_8YuF9Y9GxVNiXTodp6muRQI"
2025-12-16 13:13:08 [INFO] "eyJhbGciOiJIUzI1NiIsInR5cCI6IkpXVCJ9.eyJ1c2VySWQiOjEsImlhdCI6MTc2NTg2NTU2MSwiZXhwIjoxODUyMjY1NTYxfQ.GV3kL_KZrhQtFHEIJ79_8YuF9Y9GxVNiXTodp6muRQI"
2025-12-16 13:13:12 [INFO] "eyJhbGciOiJIUzI1NiIsInR5cCI6IkpXVCJ9.eyJ1c2VySWQiOjEsImlhdCI6MTc2NTg2NTU2MSwiZXhwIjoxODUyMjY1NTYxfQ.GV3kL_KZrhQtFHEIJ79_8YuF9Y9GxVNiXTodp6muRQI"
2025-12-16 13:13:14 [INFO] "eyJhbGciOiJIUzI1NiIsInR5cCI6IkpXVCJ9.eyJ1c2VySWQiOjEsImlhdCI6MTc2NTg2NTU2MSwiZXhwIjoxODUyMjY1NTYxfQ.GV3kL_KZrhQtFHEIJ79_8YuF9Y9GxVNiXTodp6muRQI"
2025-12-16 13:13:23 [INFO] "eyJhbGciOiJIUzI1NiIsInR5cCI6IkpXVCJ9.eyJ1c2VySWQiOjEsImlhdCI6MTc2NTg2NTU2MSwiZXhwIjoxODUyMjY1NTYxfQ.GV3kL_KZrhQtFHEIJ79_8YuF9Y9GxVNiXTodp6muRQI"
2025-12-16 13:13:27 [INFO] "eyJhbGciOiJIUzI1NiIsInR5cCI6IkpXVCJ9.eyJ1c2VySWQiOjEsImlhdCI6MTc2NTg2NTU2MSwiZXhwIjoxODUyMjY1NTYxfQ.GV3kL_KZrhQtFHEIJ79_8YuF9Y9GxVNiXTodp6muRQI"
2025-12-16 13:13:27 [INFO] "eyJhbGciOiJIUzI1NiIsInR5cCI6IkpXVCJ9.eyJ1c2VySWQiOjEsImlhdCI6MTc2NTg2NTU2MSwiZXhwIjoxODUyMjY1NTYxfQ.GV3kL_KZrhQtFHEIJ79_8YuF9Y9GxVNiXTodp6muRQI"
2025-12-16 13:13:58 [INFO] "eyJhbGciOiJIUzI1NiIsInR5cCI6IkpXVCJ9.eyJ1c2VySWQiOjEsImlhdCI6MTc2NTg2NTU2MSwiZXhwIjoxODUyMjY1NTYxfQ.GV3kL_KZrhQtFHEIJ79_8YuF9Y9GxVNiXTodp6muRQI"
2025-12-16 13:13:58 [INFO] "eyJhbGciOiJIUzI1NiIsInR5cCI6IkpXVCJ9.eyJ1c2VySWQiOjEsImlhdCI6MTc2NTg2NTU2MSwiZXhwIjoxODUyMjY1NTYxfQ.GV3kL_KZrhQtFHEIJ79_8YuF9Y9GxVNiXTodp6muRQI"
2025-12-16 13:14:07 [INFO] "eyJhbGciOiJIUzI1NiIsInR5cCI6IkpXVCJ9.eyJ1c2VySWQiOjEsImlhdCI6MTc2NTg2NTU2MSwiZXhwIjoxODUyMjY1NTYxfQ.GV3kL_KZrhQtFHEIJ79_8YuF9Y9GxVNiXTodp6muRQI"
2025-12-16 13:14:13 [INFO] "eyJhbGciOiJIUzI1NiIsInR5cCI6IkpXVCJ9.eyJ1c2VySWQiOjEsImlhdCI6MTc2NTg2NTU2MSwiZXhwIjoxODUyMjY1NTYxfQ.GV3kL_KZrhQtFHEIJ79_8YuF9Y9GxVNiXTodp6muRQI"
2025-12-16 13:14:15 [INFO] "eyJhbGciOiJIUzI1NiIsInR5cCI6IkpXVCJ9.eyJ1c2VySWQiOjEsImlhdCI6MTc2NTg2NTU2MSwiZXhwIjoxODUyMjY1NTYxfQ.GV3kL_KZrhQtFHEIJ79_8YuF9Y9GxVNiXTodp6muRQI"
2025-12-16 13:15:18 [INFO] "eyJhbGciOiJIUzI1NiIsInR5cCI6IkpXVCJ9.eyJ1c2VySWQiOjEsImlhdCI6MTc2NTg2NTU2MSwiZXhwIjoxODUyMjY1NTYxfQ.GV3kL_KZrhQtFHEIJ79_8YuF9Y9GxVNiXTodp6muRQI"
2025-12-16 13:16:09 [INFO] "eyJhbGciOiJIUzI1NiIsInR5cCI6IkpXVCJ9.eyJ1c2VySWQiOjEsImlhdCI6MTc2NTg2NTU2MSwiZXhwIjoxODUyMjY1NTYxfQ.GV3kL_KZrhQtFHEIJ79_8YuF9Y9GxVNiXTodp6muRQI"
2025-12-16 13:16:13 [INFO] "eyJhbGciOiJIUzI1NiIsInR5cCI6IkpXVCJ9.eyJ1c2VySWQiOjEsImlhdCI6MTc2NTg2NTU2MSwiZXhwIjoxODUyMjY1NTYxfQ.GV3kL_KZrhQtFHEIJ79_8YuF9Y9GxVNiXTodp6muRQI"
2025-12-16 13:16:13 [INFO] "eyJhbGciOiJIUzI1NiIsInR5cCI6IkpXVCJ9.eyJ1c2VySWQiOjEsImlhdCI6MTc2NTg2NTU2MSwiZXhwIjoxODUyMjY1NTYxfQ.GV3kL_KZrhQtFHEIJ79_8YuF9Y9GxVNiXTodp6muRQI"
2025-12-16 13:16:58 [INFO] "eyJhbGciOiJIUzI1NiIsInR5cCI6IkpXVCJ9.eyJ1c2VySWQiOjEsImlhdCI6MTc2NTg2NTU2MSwiZXhwIjoxODUyMjY1NTYxfQ.GV3kL_KZrhQtFHEIJ79_8YuF9Y9GxVNiXTodp6muRQI"
2025-12-16 13:19:39 [INFO] "eyJhbGciOiJIUzI1NiIsInR5cCI6IkpXVCJ9.eyJ1c2VySWQiOjEsImlhdCI6MTc2NTg2NTU2MSwiZXhwIjoxODUyMjY1NTYxfQ.GV3kL_KZrhQtFHEIJ79_8YuF9Y9GxVNiXTodp6muRQI"
2025-12-16 13:19:43 [INFO] "eyJhbGciOiJIUzI1NiIsInR5cCI6IkpXVCJ9.eyJ1c2VySWQiOjEsImlhdCI6MTc2NTg2NTU2MSwiZXhwIjoxODUyMjY1NTYxfQ.GV3kL_KZrhQtFHEIJ79_8YuF9Y9GxVNiXTodp6muRQI"
2025-12-16 13:19:43 [INFO] "eyJhbGciOiJIUzI1NiIsInR5cCI6IkpXVCJ9.eyJ1c2VySWQiOjEsImlhdCI6MTc2NTg2NTU2MSwiZXhwIjoxODUyMjY1NTYxfQ.GV3kL_KZrhQtFHEIJ79_8YuF9Y9GxVNiXTodp6muRQI"
2025-12-16 13:19:45 [INFO] "eyJhbGciOiJIUzI1NiIsInR5cCI6IkpXVCJ9.eyJ1c2VySWQiOjEsImlhdCI6MTc2NTg2NTU2MSwiZXhwIjoxODUyMjY1NTYxfQ.GV3kL_KZrhQtFHEIJ79_8YuF9Y9GxVNiXTodp6muRQI"
2025-12-16 13:19:47 [INFO] "eyJhbGciOiJIUzI1NiIsInR5cCI6IkpXVCJ9.eyJ1c2VySWQiOjEsImlhdCI6MTc2NTg2NTU2MSwiZXhwIjoxODUyMjY1NTYxfQ.GV3kL_KZrhQtFHEIJ79_8YuF9Y9GxVNiXTodp6muRQI"
2025-12-16 13:19:49 [INFO] "eyJhbGciOiJIUzI1NiIsInR5cCI6IkpXVCJ9.eyJ1c2VySWQiOjEsImlhdCI6MTc2NTg2NTU2MSwiZXhwIjoxODUyMjY1NTYxfQ.GV3kL_KZrhQtFHEIJ79_8YuF9Y9GxVNiXTodp6muRQI"
2025-12-16 13:22:43 [INFO] Server running in development mode at http://localhost:8000
2025-12-16 13:29:09 [INFO] "eyJhbGciOiJIUzI1NiIsInR5cCI6IkpXVCJ9.eyJ1c2VySWQiOjEsImlhdCI6MTc2NTg2NTU2MSwiZXhwIjoxODUyMjY1NTYxfQ.GV3kL_KZrhQtFHEIJ79_8YuF9Y9GxVNiXTodp6muRQI"
2025-12-16 13:30:21 [INFO] "eyJhbGciOiJIUzI1NiIsInR5cCI6IkpXVCJ9.eyJ1c2VySWQiOjEsImlhdCI6MTc2NTg2NTU2MSwiZXhwIjoxODUyMjY1NTYxfQ.GV3kL_KZrhQtFHEIJ79_8YuF9Y9GxVNiXTodp6muRQI"
2025-12-16 13:30:31 [INFO] "eyJhbGciOiJIUzI1NiIsInR5cCI6IkpXVCJ9.eyJ1c2VySWQiOjEsImlhdCI6MTc2NTg2NTU2MSwiZXhwIjoxODUyMjY1NTYxfQ.GV3kL_KZrhQtFHEIJ79_8YuF9Y9GxVNiXTodp6muRQI"
2025-12-16 13:30:33 [INFO] "eyJhbGciOiJIUzI1NiIsInR5cCI6IkpXVCJ9.eyJ1c2VySWQiOjEsImlhdCI6MTc2NTg2NTU2MSwiZXhwIjoxODUyMjY1NTYxfQ.GV3kL_KZrhQtFHEIJ79_8YuF9Y9GxVNiXTodp6muRQI"
2025-12-16 13:30:44 [INFO] "eyJhbGciOiJIUzI1NiIsInR5cCI6IkpXVCJ9.eyJ1c2VySWQiOjEsImlhdCI6MTc2NTg2NTU2MSwiZXhwIjoxODUyMjY1NTYxfQ.GV3kL_KZrhQtFHEIJ79_8YuF9Y9GxVNiXTodp6muRQI"
2025-12-16 13:30:52 [INFO] "eyJhbGciOiJIUzI1NiIsInR5cCI6IkpXVCJ9.eyJ1c2VySWQiOjEsImlhdCI6MTc2NTg2NTU2MSwiZXhwIjoxODUyMjY1NTYxfQ.GV3kL_KZrhQtFHEIJ79_8YuF9Y9GxVNiXTodp6muRQI"
2025-12-16 13:31:00 [INFO] "eyJhbGciOiJIUzI1NiIsInR5cCI6IkpXVCJ9.eyJ1c2VySWQiOjEsImlhdCI6MTc2NTg2NTU2MSwiZXhwIjoxODUyMjY1NTYxfQ.GV3kL_KZrhQtFHEIJ79_8YuF9Y9GxVNiXTodp6muRQI"
2025-12-16 13:31:07 [INFO] "eyJhbGciOiJIUzI1NiIsInR5cCI6IkpXVCJ9.eyJ1c2VySWQiOjEsImlhdCI6MTc2NTg2NTU2MSwiZXhwIjoxODUyMjY1NTYxfQ.GV3kL_KZrhQtFHEIJ79_8YuF9Y9GxVNiXTodp6muRQI"
2025-12-16 13:31:21 [INFO] "eyJhbGciOiJIUzI1NiIsInR5cCI6IkpXVCJ9.eyJ1c2VySWQiOjEsImlhdCI6MTc2NTg2NTU2MSwiZXhwIjoxODUyMjY1NTYxfQ.GV3kL_KZrhQtFHEIJ79_8YuF9Y9GxVNiXTodp6muRQI"
2025-12-16 13:31:50 [INFO] "eyJhbGciOiJIUzI1NiIsInR5cCI6IkpXVCJ9.eyJ1c2VySWQiOjEsImlhdCI6MTc2NTg2NTU2MSwiZXhwIjoxODUyMjY1NTYxfQ.GV3kL_KZrhQtFHEIJ79_8YuF9Y9GxVNiXTodp6muRQI"
2025-12-16 13:34:16 [INFO] "eyJhbGciOiJIUzI1NiIsInR5cCI6IkpXVCJ9.eyJ1c2VySWQiOjEsImlhdCI6MTc2NTg2NTU2MSwiZXhwIjoxODUyMjY1NTYxfQ.GV3kL_KZrhQtFHEIJ79_8YuF9Y9GxVNiXTodp6muRQI"
2025-12-16 13:34:19 [INFO] "eyJhbGciOiJIUzI1NiIsInR5cCI6IkpXVCJ9.eyJ1c2VySWQiOjEsImlhdCI6MTc2NTg2NTU2MSwiZXhwIjoxODUyMjY1NTYxfQ.GV3kL_KZrhQtFHEIJ79_8YuF9Y9GxVNiXTodp6muRQI"
2025-12-16 13:34:19 [INFO] "eyJhbGciOiJIUzI1NiIsInR5cCI6IkpXVCJ9.eyJ1c2VySWQiOjEsImlhdCI6MTc2NTg2NTU2MSwiZXhwIjoxODUyMjY1NTYxfQ.GV3kL_KZrhQtFHEIJ79_8YuF9Y9GxVNiXTodp6muRQI"
2025-12-16 13:34:19 [INFO] "eyJhbGciOiJIUzI1NiIsInR5cCI6IkpXVCJ9.eyJ1c2VySWQiOjEsImlhdCI6MTc2NTg2NTU2MSwiZXhwIjoxODUyMjY1NTYxfQ.GV3kL_KZrhQtFHEIJ79_8YuF9Y9GxVNiXTodp6muRQI"
2025-12-16 13:34:37 [INFO] "eyJhbGciOiJIUzI1NiIsInR5cCI6IkpXVCJ9.eyJ1c2VySWQiOjEsImlhdCI6MTc2NTg2NTU2MSwiZXhwIjoxODUyMjY1NTYxfQ.GV3kL_KZrhQtFHEIJ79_8YuF9Y9GxVNiXTodp6muRQI"
2025-12-16 13:34:50 [INFO] "eyJhbGciOiJIUzI1NiIsInR5cCI6IkpXVCJ9.eyJ1c2VySWQiOjEsImlhdCI6MTc2NTg2NTU2MSwiZXhwIjoxODUyMjY1NTYxfQ.GV3kL_KZrhQtFHEIJ79_8YuF9Y9GxVNiXTodp6muRQI"
2025-12-16 13:34:50 [INFO] "eyJhbGciOiJIUzI1NiIsInR5cCI6IkpXVCJ9.eyJ1c2VySWQiOjEsImlhdCI6MTc2NTg2NTU2MSwiZXhwIjoxODUyMjY1NTYxfQ.GV3kL_KZrhQtFHEIJ79_8YuF9Y9GxVNiXTodp6muRQI"
2025-12-16 13:34:50 [INFO] "eyJhbGciOiJIUzI1NiIsInR5cCI6IkpXVCJ9.eyJ1c2VySWQiOjEsImlhdCI6MTc2NTg2NTU2MSwiZXhwIjoxODUyMjY1NTYxfQ.GV3kL_KZrhQtFHEIJ79_8YuF9Y9GxVNiXTodp6muRQI"
2025-12-16 13:39:23 [INFO] "eyJhbGciOiJIUzI1NiIsInR5cCI6IkpXVCJ9.eyJ1c2VySWQiOjEsImlhdCI6MTc2NTg2NTU2MSwiZXhwIjoxODUyMjY1NTYxfQ.GV3kL_KZrhQtFHEIJ79_8YuF9Y9GxVNiXTodp6muRQI"
2025-12-16 14:29:19 [INFO] Server running in development mode at http://localhost:8000
2025-12-16 14:30:33 [INFO] Server running in development mode at http://localhost:8000
2025-12-16 14:30:52 [INFO] Server running in development mode at http://localhost:8000
2025-12-16 14:42:11 [INFO] Server running in development mode at http://localhost:8000
2025-12-16 14:44:11 [INFO] "eyJhbGciOiJIUzI1NiIsInR5cCI6IkpXVCJ9.eyJ1c2VySWQiOjEsImlhdCI6MTc2NTg2NTU2MSwiZXhwIjoxODUyMjY1NTYxfQ.GV3kL_KZrhQtFHEIJ79_8YuF9Y9GxVNiXTodp6muRQI"
2025-12-16 15:14:34 [INFO] "eyJhbGciOiJIUzI1NiIsInR5cCI6IkpXVCJ9.eyJ1c2VySWQiOjEsImlhdCI6MTc2NTg2NTU2MSwiZXhwIjoxODUyMjY1NTYxfQ.GV3kL_KZrhQtFHEIJ79_8YuF9Y9GxVNiXTodp6muRQI"
2025-12-16 15:23:07 [INFO] Server running in development mode at http://localhost:8000
2025-12-16 15:23:54 [INFO] Server running in development mode at http://localhost:8000
2025-12-16 15:24:14 [INFO] Server running in development mode at http://localhost:8000
2025-12-16 15:24:34 [INFO] Server running in development mode at http://localhost:8000
2025-12-16 15:26:04 [INFO] Server running in development mode at http://localhost:8000
2025-12-16 15:26:34 [INFO] Server running in development mode at http://localhost:8000
2025-12-16 15:26:39 [INFO] Server running in development mode at http://localhost:8000
2025-12-16 15:26:55 [INFO] Server running in development mode at http://localhost:8000
2025-12-16 15:27:28 [INFO] Server running in development mode at http://localhost:8000
2025-12-16 15:27:42 [INFO] Server running in development mode at http://localhost:8000
2025-12-16 15:27:49 [INFO] Server running in development mode at http://localhost:8000
2025-12-16 15:28:13 [INFO] "eyJhbGciOiJIUzI1NiIsInR5cCI6IkpXVCJ9.eyJ1c2VySWQiOjEsImlhdCI6MTc2NTg2NTU2MSwiZXhwIjoxODUyMjY1NTYxfQ.GV3kL_KZrhQtFHEIJ79_8YuF9Y9GxVNiXTodp6muRQI"
2025-12-16 15:28:51 [INFO] "eyJhbGciOiJIUzI1NiIsInR5cCI6IkpXVCJ9.eyJ1c2VySWQiOjEsImlhdCI6MTc2NTg2NTU2MSwiZXhwIjoxODUyMjY1NTYxfQ.GV3kL_KZrhQtFHEIJ79_8YuF9Y9GxVNiXTodp6muRQI"
2025-12-16 15:29:39 [INFO] "eyJhbGciOiJIUzI1NiIsInR5cCI6IkpXVCJ9.eyJ1c2VySWQiOjEsImlhdCI6MTc2NTg2NTU2MSwiZXhwIjoxODUyMjY1NTYxfQ.GV3kL_KZrhQtFHEIJ79_8YuF9Y9GxVNiXTodp6muRQI"
2025-12-16 15:29:43 [INFO] "eyJhbGciOiJIUzI1NiIsInR5cCI6IkpXVCJ9.eyJ1c2VySWQiOjEsImlhdCI6MTc2NTg2NTU2MSwiZXhwIjoxODUyMjY1NTYxfQ.GV3kL_KZrhQtFHEIJ79_8YuF9Y9GxVNiXTodp6muRQI"
2025-12-16 15:29:48 [INFO] "eyJhbGciOiJIUzI1NiIsInR5cCI6IkpXVCJ9.eyJ1c2VySWQiOjEsImlhdCI6MTc2NTg2NTU2MSwiZXhwIjoxODUyMjY1NTYxfQ.GV3kL_KZrhQtFHEIJ79_8YuF9Y9GxVNiXTodp6muRQI"
2025-12-16 15:29:53 [INFO] "eyJhbGciOiJIUzI1NiIsInR5cCI6IkpXVCJ9.eyJ1c2VySWQiOjEsImlhdCI6MTc2NTg2NTU2MSwiZXhwIjoxODUyMjY1NTYxfQ.GV3kL_KZrhQtFHEIJ79_8YuF9Y9GxVNiXTodp6muRQI"
2025-12-16 15:29:53 [ERROR] [
  {
    "origin": "number",
    "code": "too_small",
    "minimum": 10,
    "inclusive": true,
    "path": [
      "limit"
    ],
    "message": "Too small: expected number to be >=10"
  }
]
ZodError: [
  {
    "origin": "number",
    "code": "too_small",
    "minimum": 10,
    "inclusive": true,
    "path": [
      "limit"
    ],
    "message": "Too small: expected number to be >=10"
  }
]
    at new ZodError (file:///home/luong/Downloads/WebsiteLookBookBanQuanAoExpressjsNextjs/backend/node_modules/zod/v4/core/core.js:30:39)
    at Module.<anonymous> (file:///home/luong/Downloads/WebsiteLookBookBanQuanAoExpressjsNextjs/backend/node_modules/zod/v4/core/parse.js:53:20)
    at inst.safeParseAsync (file:///home/luong/Downloads/WebsiteLookBookBanQuanAoExpressjsNextjs/backend/node_modules/zod/v4/classic/schemas.js:30:57)
    at <anonymous> (/home/luong/Downloads/WebsiteLookBookBanQuanAoExpressjsNextjs/backend/src/middlewares/validate-request.middleware.ts:11:33)
    at Layer.handleRequest (/home/luong/Downloads/WebsiteLookBookBanQuanAoExpressjsNextjs/backend/node_modules/router/lib/layer.js:152:17)
    at next (/home/luong/Downloads/WebsiteLookBookBanQuanAoExpressjsNextjs/backend/node_modules/router/lib/route.js:157:13)
    at Route.dispatch (/home/luong/Downloads/WebsiteLookBookBanQuanAoExpressjsNextjs/backend/node_modules/router/lib/route.js:117:3)
    at handle (/home/luong/Downloads/WebsiteLookBookBanQuanAoExpressjsNextjs/backend/node_modules/router/index.js:435:11)
    at Layer.handleRequest (/home/luong/Downloads/WebsiteLookBookBanQuanAoExpressjsNextjs/backend/node_modules/router/lib/layer.js:152:17)
    at /home/luong/Downloads/WebsiteLookBookBanQuanAoExpressjsNextjs/backend/node_modules/router/index.js:295:15
2025-12-16 15:29:58 [INFO] "eyJhbGciOiJIUzI1NiIsInR5cCI6IkpXVCJ9.eyJ1c2VySWQiOjEsImlhdCI6MTc2NTg2NTU2MSwiZXhwIjoxODUyMjY1NTYxfQ.GV3kL_KZrhQtFHEIJ79_8YuF9Y9GxVNiXTodp6muRQI"
2025-12-16 15:29:59 [INFO] "eyJhbGciOiJIUzI1NiIsInR5cCI6IkpXVCJ9.eyJ1c2VySWQiOjEsImlhdCI6MTc2NTg2NTU2MSwiZXhwIjoxODUyMjY1NTYxfQ.GV3kL_KZrhQtFHEIJ79_8YuF9Y9GxVNiXTodp6muRQI"
2025-12-16 15:30:04 [INFO] "eyJhbGciOiJIUzI1NiIsInR5cCI6IkpXVCJ9.eyJ1c2VySWQiOjEsImlhdCI6MTc2NTg2NTU2MSwiZXhwIjoxODUyMjY1NTYxfQ.GV3kL_KZrhQtFHEIJ79_8YuF9Y9GxVNiXTodp6muRQI"
2025-12-16 15:30:13 [INFO] "eyJhbGciOiJIUzI1NiIsInR5cCI6IkpXVCJ9.eyJ1c2VySWQiOjEsImlhdCI6MTc2NTg2NTU2MSwiZXhwIjoxODUyMjY1NTYxfQ.GV3kL_KZrhQtFHEIJ79_8YuF9Y9GxVNiXTodp6muRQI"
2025-12-16 15:30:30 [INFO] "eyJhbGciOiJIUzI1NiIsInR5cCI6IkpXVCJ9.eyJ1c2VySWQiOjEsImlhdCI6MTc2NTg2NTU2MSwiZXhwIjoxODUyMjY1NTYxfQ.GV3kL_KZrhQtFHEIJ79_8YuF9Y9GxVNiXTodp6muRQI"
2025-12-16 15:30:49 [INFO] "eyJhbGciOiJIUzI1NiIsInR5cCI6IkpXVCJ9.eyJ1c2VySWQiOjEsImlhdCI6MTc2NTg2NTU2MSwiZXhwIjoxODUyMjY1NTYxfQ.GV3kL_KZrhQtFHEIJ79_8YuF9Y9GxVNiXTodp6muRQI"
2025-12-16 15:30:56 [INFO] "eyJhbGciOiJIUzI1NiIsInR5cCI6IkpXVCJ9.eyJ1c2VySWQiOjEsImlhdCI6MTc2NTg2NTU2MSwiZXhwIjoxODUyMjY1NTYxfQ.GV3kL_KZrhQtFHEIJ79_8YuF9Y9GxVNiXTodp6muRQI"
2025-12-16 15:30:59 [INFO] "eyJhbGciOiJIUzI1NiIsInR5cCI6IkpXVCJ9.eyJ1c2VySWQiOjEsImlhdCI6MTc2NTg2NTU2MSwiZXhwIjoxODUyMjY1NTYxfQ.GV3kL_KZrhQtFHEIJ79_8YuF9Y9GxVNiXTodp6muRQI"
2025-12-16 15:31:03 [INFO] "eyJhbGciOiJIUzI1NiIsInR5cCI6IkpXVCJ9.eyJ1c2VySWQiOjEsImlhdCI6MTc2NTg2NTU2MSwiZXhwIjoxODUyMjY1NTYxfQ.GV3kL_KZrhQtFHEIJ79_8YuF9Y9GxVNiXTodp6muRQI"
2025-12-16 15:31:11 [INFO] "eyJhbGciOiJIUzI1NiIsInR5cCI6IkpXVCJ9.eyJ1c2VySWQiOjEsImlhdCI6MTc2NTg2NTU2MSwiZXhwIjoxODUyMjY1NTYxfQ.GV3kL_KZrhQtFHEIJ79_8YuF9Y9GxVNiXTodp6muRQI"
2025-12-16 15:31:15 [INFO] "eyJhbGciOiJIUzI1NiIsInR5cCI6IkpXVCJ9.eyJ1c2VySWQiOjEsImlhdCI6MTc2NTg2NTU2MSwiZXhwIjoxODUyMjY1NTYxfQ.GV3kL_KZrhQtFHEIJ79_8YuF9Y9GxVNiXTodp6muRQI"
2025-12-16 15:32:07 [INFO] "eyJhbGciOiJIUzI1NiIsInR5cCI6IkpXVCJ9.eyJ1c2VySWQiOjEsImlhdCI6MTc2NTg2NTU2MSwiZXhwIjoxODUyMjY1NTYxfQ.GV3kL_KZrhQtFHEIJ79_8YuF9Y9GxVNiXTodp6muRQI"
2025-12-16 15:32:19 [INFO] "eyJhbGciOiJIUzI1NiIsInR5cCI6IkpXVCJ9.eyJ1c2VySWQiOjEsImlhdCI6MTc2NTg2NTU2MSwiZXhwIjoxODUyMjY1NTYxfQ.GV3kL_KZrhQtFHEIJ79_8YuF9Y9GxVNiXTodp6muRQI"
2025-12-16 15:32:58 [INFO] "eyJhbGciOiJIUzI1NiIsInR5cCI6IkpXVCJ9.eyJ1c2VySWQiOjEsImlhdCI6MTc2NTg2NTU2MSwiZXhwIjoxODUyMjY1NTYxfQ.GV3kL_KZrhQtFHEIJ79_8YuF9Y9GxVNiXTodp6muRQI"
2025-12-16 15:33:01 [INFO] "eyJhbGciOiJIUzI1NiIsInR5cCI6IkpXVCJ9.eyJ1c2VySWQiOjEsImlhdCI6MTc2NTg2NTU2MSwiZXhwIjoxODUyMjY1NTYxfQ.GV3kL_KZrhQtFHEIJ79_8YuF9Y9GxVNiXTodp6muRQI"
2025-12-16 15:33:04 [INFO] "eyJhbGciOiJIUzI1NiIsInR5cCI6IkpXVCJ9.eyJ1c2VySWQiOjEsImlhdCI6MTc2NTg2NTU2MSwiZXhwIjoxODUyMjY1NTYxfQ.GV3kL_KZrhQtFHEIJ79_8YuF9Y9GxVNiXTodp6muRQI"
2025-12-16 15:33:07 [INFO] "eyJhbGciOiJIUzI1NiIsInR5cCI6IkpXVCJ9.eyJ1c2VySWQiOjEsImlhdCI6MTc2NTg2NTU2MSwiZXhwIjoxODUyMjY1NTYxfQ.GV3kL_KZrhQtFHEIJ79_8YuF9Y9GxVNiXTodp6muRQI"
2025-12-16 15:33:09 [INFO] "eyJhbGciOiJIUzI1NiIsInR5cCI6IkpXVCJ9.eyJ1c2VySWQiOjEsImlhdCI6MTc2NTg2NTU2MSwiZXhwIjoxODUyMjY1NTYxfQ.GV3kL_KZrhQtFHEIJ79_8YuF9Y9GxVNiXTodp6muRQI"
2025-12-16 15:33:14 [INFO] "eyJhbGciOiJIUzI1NiIsInR5cCI6IkpXVCJ9.eyJ1c2VySWQiOjEsImlhdCI6MTc2NTg2NTU2MSwiZXhwIjoxODUyMjY1NTYxfQ.GV3kL_KZrhQtFHEIJ79_8YuF9Y9GxVNiXTodp6muRQI"
2025-12-16 15:33:19 [INFO] "eyJhbGciOiJIUzI1NiIsInR5cCI6IkpXVCJ9.eyJ1c2VySWQiOjEsImlhdCI6MTc2NTg2NTU2MSwiZXhwIjoxODUyMjY1NTYxfQ.GV3kL_KZrhQtFHEIJ79_8YuF9Y9GxVNiXTodp6muRQI"
2025-12-16 15:33:24 [INFO] "eyJhbGciOiJIUzI1NiIsInR5cCI6IkpXVCJ9.eyJ1c2VySWQiOjEsImlhdCI6MTc2NTg2NTU2MSwiZXhwIjoxODUyMjY1NTYxfQ.GV3kL_KZrhQtFHEIJ79_8YuF9Y9GxVNiXTodp6muRQI"
2025-12-16 15:33:49 [INFO] "eyJhbGciOiJIUzI1NiIsInR5cCI6IkpXVCJ9.eyJ1c2VySWQiOjEsImlhdCI6MTc2NTg2NTU2MSwiZXhwIjoxODUyMjY1NTYxfQ.GV3kL_KZrhQtFHEIJ79_8YuF9Y9GxVNiXTodp6muRQI"
2025-12-16 15:33:53 [INFO] "eyJhbGciOiJIUzI1NiIsInR5cCI6IkpXVCJ9.eyJ1c2VySWQiOjEsImlhdCI6MTc2NTg2NTU2MSwiZXhwIjoxODUyMjY1NTYxfQ.GV3kL_KZrhQtFHEIJ79_8YuF9Y9GxVNiXTodp6muRQI"
2025-12-16 15:33:57 [INFO] "eyJhbGciOiJIUzI1NiIsInR5cCI6IkpXVCJ9.eyJ1c2VySWQiOjEsImlhdCI6MTc2NTg2NTU2MSwiZXhwIjoxODUyMjY1NTYxfQ.GV3kL_KZrhQtFHEIJ79_8YuF9Y9GxVNiXTodp6muRQI"
2025-12-16 15:34:00 [INFO] "eyJhbGciOiJIUzI1NiIsInR5cCI6IkpXVCJ9.eyJ1c2VySWQiOjEsImlhdCI6MTc2NTg2NTU2MSwiZXhwIjoxODUyMjY1NTYxfQ.GV3kL_KZrhQtFHEIJ79_8YuF9Y9GxVNiXTodp6muRQI"
2025-12-16 15:34:30 [INFO] "eyJhbGciOiJIUzI1NiIsInR5cCI6IkpXVCJ9.eyJ1c2VySWQiOjEsImlhdCI6MTc2NTg2NTU2MSwiZXhwIjoxODUyMjY1NTYxfQ.GV3kL_KZrhQtFHEIJ79_8YuF9Y9GxVNiXTodp6muRQI"
2025-12-16 15:36:19 [INFO] "eyJhbGciOiJIUzI1NiIsInR5cCI6IkpXVCJ9.eyJ1c2VySWQiOjEsImlhdCI6MTc2NTg2NTU2MSwiZXhwIjoxODUyMjY1NTYxfQ.GV3kL_KZrhQtFHEIJ79_8YuF9Y9GxVNiXTodp6muRQI"
2025-12-16 15:36:39 [INFO] "eyJhbGciOiJIUzI1NiIsInR5cCI6IkpXVCJ9.eyJ1c2VySWQiOjEsImlhdCI6MTc2NTg2NTU2MSwiZXhwIjoxODUyMjY1NTYxfQ.GV3kL_KZrhQtFHEIJ79_8YuF9Y9GxVNiXTodp6muRQI"
2025-12-16 15:37:07 [INFO] "eyJhbGciOiJIUzI1NiIsInR5cCI6IkpXVCJ9.eyJ1c2VySWQiOjEsImlhdCI6MTc2NTg2NTU2MSwiZXhwIjoxODUyMjY1NTYxfQ.GV3kL_KZrhQtFHEIJ79_8YuF9Y9GxVNiXTodp6muRQI"
2025-12-16 15:37:51 [INFO] "eyJhbGciOiJIUzI1NiIsInR5cCI6IkpXVCJ9.eyJ1c2VySWQiOjEsImlhdCI6MTc2NTg2NTU2MSwiZXhwIjoxODUyMjY1NTYxfQ.GV3kL_KZrhQtFHEIJ79_8YuF9Y9GxVNiXTodp6muRQI"
2025-12-16 15:38:00 [INFO] "eyJhbGciOiJIUzI1NiIsInR5cCI6IkpXVCJ9.eyJ1c2VySWQiOjEsImlhdCI6MTc2NTg2NTU2MSwiZXhwIjoxODUyMjY1NTYxfQ.GV3kL_KZrhQtFHEIJ79_8YuF9Y9GxVNiXTodp6muRQI"
2025-12-16 15:38:19 [INFO] "eyJhbGciOiJIUzI1NiIsInR5cCI6IkpXVCJ9.eyJ1c2VySWQiOjEsImlhdCI6MTc2NTg2NTU2MSwiZXhwIjoxODUyMjY1NTYxfQ.GV3kL_KZrhQtFHEIJ79_8YuF9Y9GxVNiXTodp6muRQI"
2025-12-16 15:39:46 [INFO] "eyJhbGciOiJIUzI1NiIsInR5cCI6IkpXVCJ9.eyJ1c2VySWQiOjEsImlhdCI6MTc2NTg2NTU2MSwiZXhwIjoxODUyMjY1NTYxfQ.GV3kL_KZrhQtFHEIJ79_8YuF9Y9GxVNiXTodp6muRQI"
2025-12-16 15:39:55 [INFO] "eyJhbGciOiJIUzI1NiIsInR5cCI6IkpXVCJ9.eyJ1c2VySWQiOjEsImlhdCI6MTc2NTg2NTU2MSwiZXhwIjoxODUyMjY1NTYxfQ.GV3kL_KZrhQtFHEIJ79_8YuF9Y9GxVNiXTodp6muRQI"
2025-12-16 15:40:25 [INFO] Server running in development mode at http://localhost:8000
2025-12-16 15:41:05 [INFO] Server running in development mode at http://localhost:8000
2025-12-16 15:41:16 [INFO] Server running in development mode at http://localhost:8000
2025-12-16 15:44:00 [INFO] Server running in development mode at http://localhost:8000
2025-12-16 15:44:22 [INFO] Server running in development mode at http://localhost:8000
2025-12-16 15:45:12 [INFO] Server running in development mode at http://localhost:8000
2025-12-16 15:45:16 [INFO] "eyJhbGciOiJIUzI1NiIsInR5cCI6IkpXVCJ9.eyJ1c2VySWQiOjEsImlhdCI6MTc2NTg2NTU2MSwiZXhwIjoxODUyMjY1NTYxfQ.GV3kL_KZrhQtFHEIJ79_8YuF9Y9GxVNiXTodp6muRQI"
2025-12-16 15:46:11 [INFO] "eyJhbGciOiJIUzI1NiIsInR5cCI6IkpXVCJ9.eyJ1c2VySWQiOjEsImlhdCI6MTc2NTg2NTU2MSwiZXhwIjoxODUyMjY1NTYxfQ.GV3kL_KZrhQtFHEIJ79_8YuF9Y9GxVNiXTodp6muRQI"
2025-12-16 15:46:14 [INFO] "eyJhbGciOiJIUzI1NiIsInR5cCI6IkpXVCJ9.eyJ1c2VySWQiOjEsImlhdCI6MTc2NTg2NTU2MSwiZXhwIjoxODUyMjY1NTYxfQ.GV3kL_KZrhQtFHEIJ79_8YuF9Y9GxVNiXTodp6muRQI"
2025-12-16 15:47:35 [INFO] "eyJhbGciOiJIUzI1NiIsInR5cCI6IkpXVCJ9.eyJ1c2VySWQiOjEsImlhdCI6MTc2NTg2NTU2MSwiZXhwIjoxODUyMjY1NTYxfQ.GV3kL_KZrhQtFHEIJ79_8YuF9Y9GxVNiXTodp6muRQI"
2025-12-16 15:47:37 [INFO] "eyJhbGciOiJIUzI1NiIsInR5cCI6IkpXVCJ9.eyJ1c2VySWQiOjEsImlhdCI6MTc2NTg2NTU2MSwiZXhwIjoxODUyMjY1NTYxfQ.GV3kL_KZrhQtFHEIJ79_8YuF9Y9GxVNiXTodp6muRQI"
2025-12-16 15:47:41 [INFO] "eyJhbGciOiJIUzI1NiIsInR5cCI6IkpXVCJ9.eyJ1c2VySWQiOjEsImlhdCI6MTc2NTg2NTU2MSwiZXhwIjoxODUyMjY1NTYxfQ.GV3kL_KZrhQtFHEIJ79_8YuF9Y9GxVNiXTodp6muRQI"
2025-12-16 15:47:44 [INFO] "eyJhbGciOiJIUzI1NiIsInR5cCI6IkpXVCJ9.eyJ1c2VySWQiOjEsImlhdCI6MTc2NTg2NTU2MSwiZXhwIjoxODUyMjY1NTYxfQ.GV3kL_KZrhQtFHEIJ79_8YuF9Y9GxVNiXTodp6muRQI"
2025-12-16 15:47:46 [INFO] "eyJhbGciOiJIUzI1NiIsInR5cCI6IkpXVCJ9.eyJ1c2VySWQiOjEsImlhdCI6MTc2NTg2NTU2MSwiZXhwIjoxODUyMjY1NTYxfQ.GV3kL_KZrhQtFHEIJ79_8YuF9Y9GxVNiXTodp6muRQI"
2025-12-16 15:47:49 [INFO] "eyJhbGciOiJIUzI1NiIsInR5cCI6IkpXVCJ9.eyJ1c2VySWQiOjEsImlhdCI6MTc2NTg2NTU2MSwiZXhwIjoxODUyMjY1NTYxfQ.GV3kL_KZrhQtFHEIJ79_8YuF9Y9GxVNiXTodp6muRQI"
2025-12-16 15:47:55 [INFO] "eyJhbGciOiJIUzI1NiIsInR5cCI6IkpXVCJ9.eyJ1c2VySWQiOjEsImlhdCI6MTc2NTg2NTU2MSwiZXhwIjoxODUyMjY1NTYxfQ.GV3kL_KZrhQtFHEIJ79_8YuF9Y9GxVNiXTodp6muRQI"
2025-12-16 15:48:04 [INFO] "eyJhbGciOiJIUzI1NiIsInR5cCI6IkpXVCJ9.eyJ1c2VySWQiOjEsImlhdCI6MTc2NTg2NTU2MSwiZXhwIjoxODUyMjY1NTYxfQ.GV3kL_KZrhQtFHEIJ79_8YuF9Y9GxVNiXTodp6muRQI"
2025-12-16 15:48:23 [INFO] "eyJhbGciOiJIUzI1NiIsInR5cCI6IkpXVCJ9.eyJ1c2VySWQiOjEsImlhdCI6MTc2NTg2NTU2MSwiZXhwIjoxODUyMjY1NTYxfQ.GV3kL_KZrhQtFHEIJ79_8YuF9Y9GxVNiXTodp6muRQI"
2025-12-16 15:48:37 [INFO] "eyJhbGciOiJIUzI1NiIsInR5cCI6IkpXVCJ9.eyJ1c2VySWQiOjEsImlhdCI6MTc2NTg2NTU2MSwiZXhwIjoxODUyMjY1NTYxfQ.GV3kL_KZrhQtFHEIJ79_8YuF9Y9GxVNiXTodp6muRQI"
2025-12-16 15:48:39 [INFO] "eyJhbGciOiJIUzI1NiIsInR5cCI6IkpXVCJ9.eyJ1c2VySWQiOjEsImlhdCI6MTc2NTg2NTU2MSwiZXhwIjoxODUyMjY1NTYxfQ.GV3kL_KZrhQtFHEIJ79_8YuF9Y9GxVNiXTodp6muRQI"
2025-12-16 15:48:42 [INFO] "eyJhbGciOiJIUzI1NiIsInR5cCI6IkpXVCJ9.eyJ1c2VySWQiOjEsImlhdCI6MTc2NTg2NTU2MSwiZXhwIjoxODUyMjY1NTYxfQ.GV3kL_KZrhQtFHEIJ79_8YuF9Y9GxVNiXTodp6muRQI"
2025-12-16 15:48:46 [INFO] "eyJhbGciOiJIUzI1NiIsInR5cCI6IkpXVCJ9.eyJ1c2VySWQiOjEsImlhdCI6MTc2NTg2NTU2MSwiZXhwIjoxODUyMjY1NTYxfQ.GV3kL_KZrhQtFHEIJ79_8YuF9Y9GxVNiXTodp6muRQI"
2025-12-16 15:49:30 [INFO] "eyJhbGciOiJIUzI1NiIsInR5cCI6IkpXVCJ9.eyJ1c2VySWQiOjEsImlhdCI6MTc2NTg2NTU2MSwiZXhwIjoxODUyMjY1NTYxfQ.GV3kL_KZrhQtFHEIJ79_8YuF9Y9GxVNiXTodp6muRQI"
2025-12-16 15:49:33 [INFO] "eyJhbGciOiJIUzI1NiIsInR5cCI6IkpXVCJ9.eyJ1c2VySWQiOjEsImlhdCI6MTc2NTg2NTU2MSwiZXhwIjoxODUyMjY1NTYxfQ.GV3kL_KZrhQtFHEIJ79_8YuF9Y9GxVNiXTodp6muRQI"
2025-12-16 15:53:18 [INFO] Server running in development mode at http://localhost:8000
2025-12-16 15:53:42 [INFO] Server running in development mode at http://localhost:8000
2025-12-16 15:53:59 [INFO] Server running in development mode at http://localhost:8000
2025-12-16 15:54:03 [INFO] Server running in development mode at http://localhost:8000
2025-12-16 15:54:24 [INFO] Server running in development mode at http://localhost:8000
2025-12-16 15:54:51 [INFO] Server running in development mode at http://localhost:8000
2025-12-16 15:54:57 [INFO] Server running in development mode at http://localhost:8000
2025-12-16 15:55:07 [INFO] Server running in development mode at http://localhost:8000
2025-12-16 15:55:16 [INFO] Server running in development mode at http://localhost:8000
2025-12-16 15:55:30 [INFO] Server running in development mode at http://localhost:8000
2025-12-16 15:55:40 [INFO] Server running in development mode at http://localhost:8000
2025-12-16 15:55:48 [INFO] Server running in development mode at http://localhost:8000
2025-12-16 16:01:06 [INFO] "eyJhbGciOiJIUzI1NiIsInR5cCI6IkpXVCJ9.eyJ1c2VySWQiOjEsImlhdCI6MTc2NTg2NTU2MSwiZXhwIjoxODUyMjY1NTYxfQ.GV3kL_KZrhQtFHEIJ79_8YuF9Y9GxVNiXTodp6muRQI"
2025-12-16 16:01:12 [INFO] "eyJhbGciOiJIUzI1NiIsInR5cCI6IkpXVCJ9.eyJ1c2VySWQiOjEsImlhdCI6MTc2NTg2NTU2MSwiZXhwIjoxODUyMjY1NTYxfQ.GV3kL_KZrhQtFHEIJ79_8YuF9Y9GxVNiXTodp6muRQI"
2025-12-16 16:01:17 [INFO] "eyJhbGciOiJIUzI1NiIsInR5cCI6IkpXVCJ9.eyJ1c2VySWQiOjEsImlhdCI6MTc2NTg2NTU2MSwiZXhwIjoxODUyMjY1NTYxfQ.GV3kL_KZrhQtFHEIJ79_8YuF9Y9GxVNiXTodp6muRQI"
2025-12-16 16:02:24 [INFO] "eyJhbGciOiJIUzI1NiIsInR5cCI6IkpXVCJ9.eyJ1c2VySWQiOjEsImlhdCI6MTc2NTg2NTU2MSwiZXhwIjoxODUyMjY1NTYxfQ.GV3kL_KZrhQtFHEIJ79_8YuF9Y9GxVNiXTodp6muRQI"
2025-12-16 16:02:24 [INFO] "eyJhbGciOiJIUzI1NiIsInR5cCI6IkpXVCJ9.eyJ1c2VySWQiOjEsImlhdCI6MTc2NTg2NTU2MSwiZXhwIjoxODUyMjY1NTYxfQ.GV3kL_KZrhQtFHEIJ79_8YuF9Y9GxVNiXTodp6muRQI"
2025-12-16 16:03:19 [INFO] "eyJhbGciOiJIUzI1NiIsInR5cCI6IkpXVCJ9.eyJ1c2VySWQiOjEsImlhdCI6MTc2NTg2NTU2MSwiZXhwIjoxODUyMjY1NTYxfQ.GV3kL_KZrhQtFHEIJ79_8YuF9Y9GxVNiXTodp6muRQI"
2025-12-16 16:03:19 [INFO] "eyJhbGciOiJIUzI1NiIsInR5cCI6IkpXVCJ9.eyJ1c2VySWQiOjEsImlhdCI6MTc2NTg2NTU2MSwiZXhwIjoxODUyMjY1NTYxfQ.GV3kL_KZrhQtFHEIJ79_8YuF9Y9GxVNiXTodp6muRQI"
2025-12-16 16:03:43 [INFO] "eyJhbGciOiJIUzI1NiIsInR5cCI6IkpXVCJ9.eyJ1c2VySWQiOjEsImlhdCI6MTc2NTg2NTU2MSwiZXhwIjoxODUyMjY1NTYxfQ.GV3kL_KZrhQtFHEIJ79_8YuF9Y9GxVNiXTodp6muRQI"
2025-12-16 16:03:51 [INFO] "eyJhbGciOiJIUzI1NiIsInR5cCI6IkpXVCJ9.eyJ1c2VySWQiOjEsImlhdCI6MTc2NTg2NTU2MSwiZXhwIjoxODUyMjY1NTYxfQ.GV3kL_KZrhQtFHEIJ79_8YuF9Y9GxVNiXTodp6muRQI"
2025-12-16 16:03:51 [ERROR] [
  {
    "expected": "number",
    "code": "invalid_type",
    "received": "NaN",
    "path": [
      "productId"
    ],
    "message": "Invalid input: expected number, received NaN"
  }
]
ZodError: [
  {
    "expected": "number",
    "code": "invalid_type",
    "received": "NaN",
    "path": [
      "productId"
    ],
    "message": "Invalid input: expected number, received NaN"
  }
]
    at new ZodError (file:///home/luong/Downloads/WebsiteLookBookBanQuanAoExpressjsNextjs/backend/node_modules/zod/v4/core/core.js:30:39)
    at Module.<anonymous> (file:///home/luong/Downloads/WebsiteLookBookBanQuanAoExpressjsNextjs/backend/node_modules/zod/v4/core/parse.js:53:20)
    at inst.safeParseAsync (file:///home/luong/Downloads/WebsiteLookBookBanQuanAoExpressjsNextjs/backend/node_modules/zod/v4/classic/schemas.js:30:57)
    at <anonymous> (/home/luong/Downloads/WebsiteLookBookBanQuanAoExpressjsNextjs/backend/src/middlewares/validate-request.middleware.ts:11:33)
    at Layer.handleRequest (/home/luong/Downloads/WebsiteLookBookBanQuanAoExpressjsNextjs/backend/node_modules/router/lib/layer.js:152:17)
    at next (/home/luong/Downloads/WebsiteLookBookBanQuanAoExpressjsNextjs/backend/node_modules/router/lib/route.js:157:13)
    at Route.dispatch (/home/luong/Downloads/WebsiteLookBookBanQuanAoExpressjsNextjs/backend/node_modules/router/lib/route.js:117:3)
    at handle (/home/luong/Downloads/WebsiteLookBookBanQuanAoExpressjsNextjs/backend/node_modules/router/index.js:435:11)
    at Layer.handleRequest (/home/luong/Downloads/WebsiteLookBookBanQuanAoExpressjsNextjs/backend/node_modules/router/lib/layer.js:152:17)
    at /home/luong/Downloads/WebsiteLookBookBanQuanAoExpressjsNextjs/backend/node_modules/router/index.js:295:15
2025-12-16 16:03:51 [INFO] "eyJhbGciOiJIUzI1NiIsInR5cCI6IkpXVCJ9.eyJ1c2VySWQiOjEsImlhdCI6MTc2NTg2NTU2MSwiZXhwIjoxODUyMjY1NTYxfQ.GV3kL_KZrhQtFHEIJ79_8YuF9Y9GxVNiXTodp6muRQI"
2025-12-16 16:03:51 [ERROR] [
  {
    "expected": "number",
    "code": "invalid_type",
    "received": "NaN",
    "path": [
      "productId"
    ],
    "message": "Invalid input: expected number, received NaN"
  }
]
ZodError: [
  {
    "expected": "number",
    "code": "invalid_type",
    "received": "NaN",
    "path": [
      "productId"
    ],
    "message": "Invalid input: expected number, received NaN"
  }
]
    at new ZodError (file:///home/luong/Downloads/WebsiteLookBookBanQuanAoExpressjsNextjs/backend/node_modules/zod/v4/core/core.js:30:39)
    at Module.<anonymous> (file:///home/luong/Downloads/WebsiteLookBookBanQuanAoExpressjsNextjs/backend/node_modules/zod/v4/core/parse.js:53:20)
    at inst.safeParseAsync (file:///home/luong/Downloads/WebsiteLookBookBanQuanAoExpressjsNextjs/backend/node_modules/zod/v4/classic/schemas.js:30:57)
    at <anonymous> (/home/luong/Downloads/WebsiteLookBookBanQuanAoExpressjsNextjs/backend/src/middlewares/validate-request.middleware.ts:11:33)
    at Layer.handleRequest (/home/luong/Downloads/WebsiteLookBookBanQuanAoExpressjsNextjs/backend/node_modules/router/lib/layer.js:152:17)
    at next (/home/luong/Downloads/WebsiteLookBookBanQuanAoExpressjsNextjs/backend/node_modules/router/lib/route.js:157:13)
    at Route.dispatch (/home/luong/Downloads/WebsiteLookBookBanQuanAoExpressjsNextjs/backend/node_modules/router/lib/route.js:117:3)
    at handle (/home/luong/Downloads/WebsiteLookBookBanQuanAoExpressjsNextjs/backend/node_modules/router/index.js:435:11)
    at Layer.handleRequest (/home/luong/Downloads/WebsiteLookBookBanQuanAoExpressjsNextjs/backend/node_modules/router/lib/layer.js:152:17)
    at /home/luong/Downloads/WebsiteLookBookBanQuanAoExpressjsNextjs/backend/node_modules/router/index.js:295:15
2025-12-16 16:03:51 [INFO] "eyJhbGciOiJIUzI1NiIsInR5cCI6IkpXVCJ9.eyJ1c2VySWQiOjEsImlhdCI6MTc2NTg2NTU2MSwiZXhwIjoxODUyMjY1NTYxfQ.GV3kL_KZrhQtFHEIJ79_8YuF9Y9GxVNiXTodp6muRQI"
2025-12-16 16:03:52 [ERROR] [
  {
    "expected": "number",
    "code": "invalid_type",
    "received": "NaN",
    "path": [
      "productId"
    ],
    "message": "Invalid input: expected number, received NaN"
  }
]
ZodError: [
  {
    "expected": "number",
    "code": "invalid_type",
    "received": "NaN",
    "path": [
      "productId"
    ],
    "message": "Invalid input: expected number, received NaN"
  }
]
    at new ZodError (file:///home/luong/Downloads/WebsiteLookBookBanQuanAoExpressjsNextjs/backend/node_modules/zod/v4/core/core.js:30:39)
    at Module.<anonymous> (file:///home/luong/Downloads/WebsiteLookBookBanQuanAoExpressjsNextjs/backend/node_modules/zod/v4/core/parse.js:53:20)
    at inst.safeParseAsync (file:///home/luong/Downloads/WebsiteLookBookBanQuanAoExpressjsNextjs/backend/node_modules/zod/v4/classic/schemas.js:30:57)
    at <anonymous> (/home/luong/Downloads/WebsiteLookBookBanQuanAoExpressjsNextjs/backend/src/middlewares/validate-request.middleware.ts:11:33)
    at Layer.handleRequest (/home/luong/Downloads/WebsiteLookBookBanQuanAoExpressjsNextjs/backend/node_modules/router/lib/layer.js:152:17)
    at next (/home/luong/Downloads/WebsiteLookBookBanQuanAoExpressjsNextjs/backend/node_modules/router/lib/route.js:157:13)
    at Route.dispatch (/home/luong/Downloads/WebsiteLookBookBanQuanAoExpressjsNextjs/backend/node_modules/router/lib/route.js:117:3)
    at handle (/home/luong/Downloads/WebsiteLookBookBanQuanAoExpressjsNextjs/backend/node_modules/router/index.js:435:11)
    at Layer.handleRequest (/home/luong/Downloads/WebsiteLookBookBanQuanAoExpressjsNextjs/backend/node_modules/router/lib/layer.js:152:17)
    at /home/luong/Downloads/WebsiteLookBookBanQuanAoExpressjsNextjs/backend/node_modules/router/index.js:295:15
2025-12-16 16:03:53 [INFO] "eyJhbGciOiJIUzI1NiIsInR5cCI6IkpXVCJ9.eyJ1c2VySWQiOjEsImlhdCI6MTc2NTg2NTU2MSwiZXhwIjoxODUyMjY1NTYxfQ.GV3kL_KZrhQtFHEIJ79_8YuF9Y9GxVNiXTodp6muRQI"
2025-12-16 16:03:53 [ERROR] [
  {
    "expected": "number",
    "code": "invalid_type",
    "received": "NaN",
    "path": [
      "productId"
    ],
    "message": "Invalid input: expected number, received NaN"
  }
]
ZodError: [
  {
    "expected": "number",
    "code": "invalid_type",
    "received": "NaN",
    "path": [
      "productId"
    ],
    "message": "Invalid input: expected number, received NaN"
  }
]
    at new ZodError (file:///home/luong/Downloads/WebsiteLookBookBanQuanAoExpressjsNextjs/backend/node_modules/zod/v4/core/core.js:30:39)
    at Module.<anonymous> (file:///home/luong/Downloads/WebsiteLookBookBanQuanAoExpressjsNextjs/backend/node_modules/zod/v4/core/parse.js:53:20)
    at inst.safeParseAsync (file:///home/luong/Downloads/WebsiteLookBookBanQuanAoExpressjsNextjs/backend/node_modules/zod/v4/classic/schemas.js:30:57)
    at <anonymous> (/home/luong/Downloads/WebsiteLookBookBanQuanAoExpressjsNextjs/backend/src/middlewares/validate-request.middleware.ts:11:33)
    at Layer.handleRequest (/home/luong/Downloads/WebsiteLookBookBanQuanAoExpressjsNextjs/backend/node_modules/router/lib/layer.js:152:17)
    at next (/home/luong/Downloads/WebsiteLookBookBanQuanAoExpressjsNextjs/backend/node_modules/router/lib/route.js:157:13)
    at Route.dispatch (/home/luong/Downloads/WebsiteLookBookBanQuanAoExpressjsNextjs/backend/node_modules/router/lib/route.js:117:3)
    at handle (/home/luong/Downloads/WebsiteLookBookBanQuanAoExpressjsNextjs/backend/node_modules/router/index.js:435:11)
    at Layer.handleRequest (/home/luong/Downloads/WebsiteLookBookBanQuanAoExpressjsNextjs/backend/node_modules/router/lib/layer.js:152:17)
    at /home/luong/Downloads/WebsiteLookBookBanQuanAoExpressjsNextjs/backend/node_modules/router/index.js:295:15
2025-12-16 16:03:55 [INFO] "eyJhbGciOiJIUzI1NiIsInR5cCI6IkpXVCJ9.eyJ1c2VySWQiOjEsImlhdCI6MTc2NTg2NTU2MSwiZXhwIjoxODUyMjY1NTYxfQ.GV3kL_KZrhQtFHEIJ79_8YuF9Y9GxVNiXTodp6muRQI"
2025-12-16 16:03:55 [ERROR] [
  {
    "expected": "number",
    "code": "invalid_type",
    "received": "NaN",
    "path": [
      "productId"
    ],
    "message": "Invalid input: expected number, received NaN"
  }
]
ZodError: [
  {
    "expected": "number",
    "code": "invalid_type",
    "received": "NaN",
    "path": [
      "productId"
    ],
    "message": "Invalid input: expected number, received NaN"
  }
]
    at new ZodError (file:///home/luong/Downloads/WebsiteLookBookBanQuanAoExpressjsNextjs/backend/node_modules/zod/v4/core/core.js:30:39)
    at Module.<anonymous> (file:///home/luong/Downloads/WebsiteLookBookBanQuanAoExpressjsNextjs/backend/node_modules/zod/v4/core/parse.js:53:20)
    at inst.safeParseAsync (file:///home/luong/Downloads/WebsiteLookBookBanQuanAoExpressjsNextjs/backend/node_modules/zod/v4/classic/schemas.js:30:57)
    at <anonymous> (/home/luong/Downloads/WebsiteLookBookBanQuanAoExpressjsNextjs/backend/src/middlewares/validate-request.middleware.ts:11:33)
    at Layer.handleRequest (/home/luong/Downloads/WebsiteLookBookBanQuanAoExpressjsNextjs/backend/node_modules/router/lib/layer.js:152:17)
    at next (/home/luong/Downloads/WebsiteLookBookBanQuanAoExpressjsNextjs/backend/node_modules/router/lib/route.js:157:13)
    at Route.dispatch (/home/luong/Downloads/WebsiteLookBookBanQuanAoExpressjsNextjs/backend/node_modules/router/lib/route.js:117:3)
    at handle (/home/luong/Downloads/WebsiteLookBookBanQuanAoExpressjsNextjs/backend/node_modules/router/index.js:435:11)
    at Layer.handleRequest (/home/luong/Downloads/WebsiteLookBookBanQuanAoExpressjsNextjs/backend/node_modules/router/lib/layer.js:152:17)
    at /home/luong/Downloads/WebsiteLookBookBanQuanAoExpressjsNextjs/backend/node_modules/router/index.js:295:15
2025-12-16 16:03:59 [INFO] "eyJhbGciOiJIUzI1NiIsInR5cCI6IkpXVCJ9.eyJ1c2VySWQiOjEsImlhdCI6MTc2NTg2NTU2MSwiZXhwIjoxODUyMjY1NTYxfQ.GV3kL_KZrhQtFHEIJ79_8YuF9Y9GxVNiXTodp6muRQI"
2025-12-16 16:03:59 [ERROR] [
  {
    "expected": "number",
    "code": "invalid_type",
    "received": "NaN",
    "path": [
      "productId"
    ],
    "message": "Invalid input: expected number, received NaN"
  }
]
ZodError: [
  {
    "expected": "number",
    "code": "invalid_type",
    "received": "NaN",
    "path": [
      "productId"
    ],
    "message": "Invalid input: expected number, received NaN"
  }
]
    at new ZodError (file:///home/luong/Downloads/WebsiteLookBookBanQuanAoExpressjsNextjs/backend/node_modules/zod/v4/core/core.js:30:39)
    at Module.<anonymous> (file:///home/luong/Downloads/WebsiteLookBookBanQuanAoExpressjsNextjs/backend/node_modules/zod/v4/core/parse.js:53:20)
    at inst.safeParseAsync (file:///home/luong/Downloads/WebsiteLookBookBanQuanAoExpressjsNextjs/backend/node_modules/zod/v4/classic/schemas.js:30:57)
    at <anonymous> (/home/luong/Downloads/WebsiteLookBookBanQuanAoExpressjsNextjs/backend/src/middlewares/validate-request.middleware.ts:11:33)
    at Layer.handleRequest (/home/luong/Downloads/WebsiteLookBookBanQuanAoExpressjsNextjs/backend/node_modules/router/lib/layer.js:152:17)
    at next (/home/luong/Downloads/WebsiteLookBookBanQuanAoExpressjsNextjs/backend/node_modules/router/lib/route.js:157:13)
    at Route.dispatch (/home/luong/Downloads/WebsiteLookBookBanQuanAoExpressjsNextjs/backend/node_modules/router/lib/route.js:117:3)
    at handle (/home/luong/Downloads/WebsiteLookBookBanQuanAoExpressjsNextjs/backend/node_modules/router/index.js:435:11)
    at Layer.handleRequest (/home/luong/Downloads/WebsiteLookBookBanQuanAoExpressjsNextjs/backend/node_modules/router/lib/layer.js:152:17)
    at /home/luong/Downloads/WebsiteLookBookBanQuanAoExpressjsNextjs/backend/node_modules/router/index.js:295:15
2025-12-16 16:04:00 [INFO] "eyJhbGciOiJIUzI1NiIsInR5cCI6IkpXVCJ9.eyJ1c2VySWQiOjEsImlhdCI6MTc2NTg2NTU2MSwiZXhwIjoxODUyMjY1NTYxfQ.GV3kL_KZrhQtFHEIJ79_8YuF9Y9GxVNiXTodp6muRQI"
2025-12-16 16:04:00 [ERROR] [
  {
    "expected": "number",
    "code": "invalid_type",
    "received": "NaN",
    "path": [
      "productId"
    ],
    "message": "Invalid input: expected number, received NaN"
  }
]
ZodError: [
  {
    "expected": "number",
    "code": "invalid_type",
    "received": "NaN",
    "path": [
      "productId"
    ],
    "message": "Invalid input: expected number, received NaN"
  }
]
    at new ZodError (file:///home/luong/Downloads/WebsiteLookBookBanQuanAoExpressjsNextjs/backend/node_modules/zod/v4/core/core.js:30:39)
    at Module.<anonymous> (file:///home/luong/Downloads/WebsiteLookBookBanQuanAoExpressjsNextjs/backend/node_modules/zod/v4/core/parse.js:53:20)
    at inst.safeParseAsync (file:///home/luong/Downloads/WebsiteLookBookBanQuanAoExpressjsNextjs/backend/node_modules/zod/v4/classic/schemas.js:30:57)
    at <anonymous> (/home/luong/Downloads/WebsiteLookBookBanQuanAoExpressjsNextjs/backend/src/middlewares/validate-request.middleware.ts:11:33)
    at Layer.handleRequest (/home/luong/Downloads/WebsiteLookBookBanQuanAoExpressjsNextjs/backend/node_modules/router/lib/layer.js:152:17)
    at next (/home/luong/Downloads/WebsiteLookBookBanQuanAoExpressjsNextjs/backend/node_modules/router/lib/route.js:157:13)
    at Route.dispatch (/home/luong/Downloads/WebsiteLookBookBanQuanAoExpressjsNextjs/backend/node_modules/router/lib/route.js:117:3)
    at handle (/home/luong/Downloads/WebsiteLookBookBanQuanAoExpressjsNextjs/backend/node_modules/router/index.js:435:11)
    at Layer.handleRequest (/home/luong/Downloads/WebsiteLookBookBanQuanAoExpressjsNextjs/backend/node_modules/router/lib/layer.js:152:17)
    at /home/luong/Downloads/WebsiteLookBookBanQuanAoExpressjsNextjs/backend/node_modules/router/index.js:295:15
2025-12-16 16:04:00 [INFO] "eyJhbGciOiJIUzI1NiIsInR5cCI6IkpXVCJ9.eyJ1c2VySWQiOjEsImlhdCI6MTc2NTg2NTU2MSwiZXhwIjoxODUyMjY1NTYxfQ.GV3kL_KZrhQtFHEIJ79_8YuF9Y9GxVNiXTodp6muRQI"
2025-12-16 16:04:00 [ERROR] [
  {
    "expected": "number",
    "code": "invalid_type",
    "received": "NaN",
    "path": [
      "productId"
    ],
    "message": "Invalid input: expected number, received NaN"
  }
]
ZodError: [
  {
    "expected": "number",
    "code": "invalid_type",
    "received": "NaN",
    "path": [
      "productId"
    ],
    "message": "Invalid input: expected number, received NaN"
  }
]
    at new ZodError (file:///home/luong/Downloads/WebsiteLookBookBanQuanAoExpressjsNextjs/backend/node_modules/zod/v4/core/core.js:30:39)
    at Module.<anonymous> (file:///home/luong/Downloads/WebsiteLookBookBanQuanAoExpressjsNextjs/backend/node_modules/zod/v4/core/parse.js:53:20)
    at inst.safeParseAsync (file:///home/luong/Downloads/WebsiteLookBookBanQuanAoExpressjsNextjs/backend/node_modules/zod/v4/classic/schemas.js:30:57)
    at <anonymous> (/home/luong/Downloads/WebsiteLookBookBanQuanAoExpressjsNextjs/backend/src/middlewares/validate-request.middleware.ts:11:33)
    at Layer.handleRequest (/home/luong/Downloads/WebsiteLookBookBanQuanAoExpressjsNextjs/backend/node_modules/router/lib/layer.js:152:17)
    at next (/home/luong/Downloads/WebsiteLookBookBanQuanAoExpressjsNextjs/backend/node_modules/router/lib/route.js:157:13)
    at Route.dispatch (/home/luong/Downloads/WebsiteLookBookBanQuanAoExpressjsNextjs/backend/node_modules/router/lib/route.js:117:3)
    at handle (/home/luong/Downloads/WebsiteLookBookBanQuanAoExpressjsNextjs/backend/node_modules/router/index.js:435:11)
    at Layer.handleRequest (/home/luong/Downloads/WebsiteLookBookBanQuanAoExpressjsNextjs/backend/node_modules/router/lib/layer.js:152:17)
    at /home/luong/Downloads/WebsiteLookBookBanQuanAoExpressjsNextjs/backend/node_modules/router/index.js:295:15
2025-12-16 16:04:00 [INFO] "eyJhbGciOiJIUzI1NiIsInR5cCI6IkpXVCJ9.eyJ1c2VySWQiOjEsImlhdCI6MTc2NTg2NTU2MSwiZXhwIjoxODUyMjY1NTYxfQ.GV3kL_KZrhQtFHEIJ79_8YuF9Y9GxVNiXTodp6muRQI"
2025-12-16 16:04:00 [ERROR] [
  {
    "expected": "number",
    "code": "invalid_type",
    "received": "NaN",
    "path": [
      "productId"
    ],
    "message": "Invalid input: expected number, received NaN"
  }
]
ZodError: [
  {
    "expected": "number",
    "code": "invalid_type",
    "received": "NaN",
    "path": [
      "productId"
    ],
    "message": "Invalid input: expected number, received NaN"
  }
]
    at new ZodError (file:///home/luong/Downloads/WebsiteLookBookBanQuanAoExpressjsNextjs/backend/node_modules/zod/v4/core/core.js:30:39)
    at Module.<anonymous> (file:///home/luong/Downloads/WebsiteLookBookBanQuanAoExpressjsNextjs/backend/node_modules/zod/v4/core/parse.js:53:20)
    at inst.safeParseAsync (file:///home/luong/Downloads/WebsiteLookBookBanQuanAoExpressjsNextjs/backend/node_modules/zod/v4/classic/schemas.js:30:57)
    at <anonymous> (/home/luong/Downloads/WebsiteLookBookBanQuanAoExpressjsNextjs/backend/src/middlewares/validate-request.middleware.ts:11:33)
    at Layer.handleRequest (/home/luong/Downloads/WebsiteLookBookBanQuanAoExpressjsNextjs/backend/node_modules/router/lib/layer.js:152:17)
    at next (/home/luong/Downloads/WebsiteLookBookBanQuanAoExpressjsNextjs/backend/node_modules/router/lib/route.js:157:13)
    at Route.dispatch (/home/luong/Downloads/WebsiteLookBookBanQuanAoExpressjsNextjs/backend/node_modules/router/lib/route.js:117:3)
    at handle (/home/luong/Downloads/WebsiteLookBookBanQuanAoExpressjsNextjs/backend/node_modules/router/index.js:435:11)
    at Layer.handleRequest (/home/luong/Downloads/WebsiteLookBookBanQuanAoExpressjsNextjs/backend/node_modules/router/lib/layer.js:152:17)
    at /home/luong/Downloads/WebsiteLookBookBanQuanAoExpressjsNextjs/backend/node_modules/router/index.js:295:15
2025-12-16 16:04:02 [INFO] "eyJhbGciOiJIUzI1NiIsInR5cCI6IkpXVCJ9.eyJ1c2VySWQiOjEsImlhdCI6MTc2NTg2NTU2MSwiZXhwIjoxODUyMjY1NTYxfQ.GV3kL_KZrhQtFHEIJ79_8YuF9Y9GxVNiXTodp6muRQI"
2025-12-16 16:04:02 [ERROR] [
  {
    "expected": "number",
    "code": "invalid_type",
    "received": "NaN",
    "path": [
      "productId"
    ],
    "message": "Invalid input: expected number, received NaN"
  }
]
ZodError: [
  {
    "expected": "number",
    "code": "invalid_type",
    "received": "NaN",
    "path": [
      "productId"
    ],
    "message": "Invalid input: expected number, received NaN"
  }
]
    at new ZodError (file:///home/luong/Downloads/WebsiteLookBookBanQuanAoExpressjsNextjs/backend/node_modules/zod/v4/core/core.js:30:39)
    at Module.<anonymous> (file:///home/luong/Downloads/WebsiteLookBookBanQuanAoExpressjsNextjs/backend/node_modules/zod/v4/core/parse.js:53:20)
    at inst.safeParseAsync (file:///home/luong/Downloads/WebsiteLookBookBanQuanAoExpressjsNextjs/backend/node_modules/zod/v4/classic/schemas.js:30:57)
    at <anonymous> (/home/luong/Downloads/WebsiteLookBookBanQuanAoExpressjsNextjs/backend/src/middlewares/validate-request.middleware.ts:11:33)
    at Layer.handleRequest (/home/luong/Downloads/WebsiteLookBookBanQuanAoExpressjsNextjs/backend/node_modules/router/lib/layer.js:152:17)
    at next (/home/luong/Downloads/WebsiteLookBookBanQuanAoExpressjsNextjs/backend/node_modules/router/lib/route.js:157:13)
    at Route.dispatch (/home/luong/Downloads/WebsiteLookBookBanQuanAoExpressjsNextjs/backend/node_modules/router/lib/route.js:117:3)
    at handle (/home/luong/Downloads/WebsiteLookBookBanQuanAoExpressjsNextjs/backend/node_modules/router/index.js:435:11)
    at Layer.handleRequest (/home/luong/Downloads/WebsiteLookBookBanQuanAoExpressjsNextjs/backend/node_modules/router/lib/layer.js:152:17)
    at /home/luong/Downloads/WebsiteLookBookBanQuanAoExpressjsNextjs/backend/node_modules/router/index.js:295:15
2025-12-16 16:04:04 [INFO] "eyJhbGciOiJIUzI1NiIsInR5cCI6IkpXVCJ9.eyJ1c2VySWQiOjEsImlhdCI6MTc2NTg2NTU2MSwiZXhwIjoxODUyMjY1NTYxfQ.GV3kL_KZrhQtFHEIJ79_8YuF9Y9GxVNiXTodp6muRQI"
2025-12-16 16:04:04 [ERROR] [
  {
    "expected": "number",
    "code": "invalid_type",
    "received": "NaN",
    "path": [
      "productId"
    ],
    "message": "Invalid input: expected number, received NaN"
  }
]
ZodError: [
  {
    "expected": "number",
    "code": "invalid_type",
    "received": "NaN",
    "path": [
      "productId"
    ],
    "message": "Invalid input: expected number, received NaN"
  }
]
    at new ZodError (file:///home/luong/Downloads/WebsiteLookBookBanQuanAoExpressjsNextjs/backend/node_modules/zod/v4/core/core.js:30:39)
    at Module.<anonymous> (file:///home/luong/Downloads/WebsiteLookBookBanQuanAoExpressjsNextjs/backend/node_modules/zod/v4/core/parse.js:53:20)
    at inst.safeParseAsync (file:///home/luong/Downloads/WebsiteLookBookBanQuanAoExpressjsNextjs/backend/node_modules/zod/v4/classic/schemas.js:30:57)
    at <anonymous> (/home/luong/Downloads/WebsiteLookBookBanQuanAoExpressjsNextjs/backend/src/middlewares/validate-request.middleware.ts:11:33)
    at Layer.handleRequest (/home/luong/Downloads/WebsiteLookBookBanQuanAoExpressjsNextjs/backend/node_modules/router/lib/layer.js:152:17)
    at next (/home/luong/Downloads/WebsiteLookBookBanQuanAoExpressjsNextjs/backend/node_modules/router/lib/route.js:157:13)
    at Route.dispatch (/home/luong/Downloads/WebsiteLookBookBanQuanAoExpressjsNextjs/backend/node_modules/router/lib/route.js:117:3)
    at handle (/home/luong/Downloads/WebsiteLookBookBanQuanAoExpressjsNextjs/backend/node_modules/router/index.js:435:11)
    at Layer.handleRequest (/home/luong/Downloads/WebsiteLookBookBanQuanAoExpressjsNextjs/backend/node_modules/router/lib/layer.js:152:17)
    at /home/luong/Downloads/WebsiteLookBookBanQuanAoExpressjsNextjs/backend/node_modules/router/index.js:295:15
2025-12-16 16:04:08 [INFO] "eyJhbGciOiJIUzI1NiIsInR5cCI6IkpXVCJ9.eyJ1c2VySWQiOjEsImlhdCI6MTc2NTg2NTU2MSwiZXhwIjoxODUyMjY1NTYxfQ.GV3kL_KZrhQtFHEIJ79_8YuF9Y9GxVNiXTodp6muRQI"
2025-12-16 16:04:08 [ERROR] [
  {
    "expected": "number",
    "code": "invalid_type",
    "received": "NaN",
    "path": [
      "productId"
    ],
    "message": "Invalid input: expected number, received NaN"
  }
]
ZodError: [
  {
    "expected": "number",
    "code": "invalid_type",
    "received": "NaN",
    "path": [
      "productId"
    ],
    "message": "Invalid input: expected number, received NaN"
  }
]
    at new ZodError (file:///home/luong/Downloads/WebsiteLookBookBanQuanAoExpressjsNextjs/backend/node_modules/zod/v4/core/core.js:30:39)
    at Module.<anonymous> (file:///home/luong/Downloads/WebsiteLookBookBanQuanAoExpressjsNextjs/backend/node_modules/zod/v4/core/parse.js:53:20)
    at inst.safeParseAsync (file:///home/luong/Downloads/WebsiteLookBookBanQuanAoExpressjsNextjs/backend/node_modules/zod/v4/classic/schemas.js:30:57)
    at <anonymous> (/home/luong/Downloads/WebsiteLookBookBanQuanAoExpressjsNextjs/backend/src/middlewares/validate-request.middleware.ts:11:33)
    at Layer.handleRequest (/home/luong/Downloads/WebsiteLookBookBanQuanAoExpressjsNextjs/backend/node_modules/router/lib/layer.js:152:17)
    at next (/home/luong/Downloads/WebsiteLookBookBanQuanAoExpressjsNextjs/backend/node_modules/router/lib/route.js:157:13)
    at Route.dispatch (/home/luong/Downloads/WebsiteLookBookBanQuanAoExpressjsNextjs/backend/node_modules/router/lib/route.js:117:3)
    at handle (/home/luong/Downloads/WebsiteLookBookBanQuanAoExpressjsNextjs/backend/node_modules/router/index.js:435:11)
    at Layer.handleRequest (/home/luong/Downloads/WebsiteLookBookBanQuanAoExpressjsNextjs/backend/node_modules/router/lib/layer.js:152:17)
    at /home/luong/Downloads/WebsiteLookBookBanQuanAoExpressjsNextjs/backend/node_modules/router/index.js:295:15
2025-12-16 16:08:03 [INFO] "eyJhbGciOiJIUzI1NiIsInR5cCI6IkpXVCJ9.eyJ1c2VySWQiOjEsImlhdCI6MTc2NTg2NTU2MSwiZXhwIjoxODUyMjY1NTYxfQ.GV3kL_KZrhQtFHEIJ79_8YuF9Y9GxVNiXTodp6muRQI"
2025-12-16 16:08:07 [INFO] "eyJhbGciOiJIUzI1NiIsInR5cCI6IkpXVCJ9.eyJ1c2VySWQiOjEsImlhdCI6MTc2NTg2NTU2MSwiZXhwIjoxODUyMjY1NTYxfQ.GV3kL_KZrhQtFHEIJ79_8YuF9Y9GxVNiXTodp6muRQI"
2025-12-16 16:09:33 [INFO] "eyJhbGciOiJIUzI1NiIsInR5cCI6IkpXVCJ9.eyJ1c2VySWQiOjEsImlhdCI6MTc2NTg2NTU2MSwiZXhwIjoxODUyMjY1NTYxfQ.GV3kL_KZrhQtFHEIJ79_8YuF9Y9GxVNiXTodp6muRQI"
2025-12-16 16:10:49 [INFO] "eyJhbGciOiJIUzI1NiIsInR5cCI6IkpXVCJ9.eyJ1c2VySWQiOjEsImlhdCI6MTc2NTg2NTU2MSwiZXhwIjoxODUyMjY1NTYxfQ.GV3kL_KZrhQtFHEIJ79_8YuF9Y9GxVNiXTodp6muRQI"
2025-12-16 16:13:34 [INFO] Server running in development mode at http://localhost:8000
